ySize,que_pic,xSize,subjective_ques.thisRepN,subjective_ques.thisTrialN,subjective_ques.thisN,subjective_ques.thisIndex,rating.response,rating.rt,hz,participant,frameRate,expName,date,condition,Unnamed: 15
63,q3_control,960,0,0,0,0,50,9.62,,55,119.970823097,emfc_subjectives,2019_Jul_07_1157,,
90,q4_effort,960,0,1,1,1,25,8.695,,55,119.970823097,emfc_subjectives,2019_Jul_07_1157,,
95,q5_succsses,960,0,2,2,2,80,4.41,,55,119.970823097,emfc_subjectives,2019_Jul_07_1157,,
91,q6_accurate,960,0,3,3,3,85,7.028,,55,119.970823097,emfc_subjectives,2019_Jul_07_1157,,
92,q7_quick,960,0,4,4,4,80,8.962,,55,119.970823097,emfc_subjectives,2019_Jul_07_1157,,
90,q8_want_random,960,0,5,5,5,90,8.164,,55,119.970823097,emfc_subjectives,2019_Jul_07_1157,,
107,q9_urge,960,0,6,6,6,1,10.431,,55,119.970823097,emfc_subjectives,2019_Jul_07_1157,,
63,q3_control,960,0,0,0,0,73,4.591,,56,119.970679334,emfc_subjectives,2019_Jul_08_1819,,
90,q4_effort,960,0,1,1,1,70,1.944,,56,119.970679334,emfc_subjectives,2019_Jul_08_1819,,
95,q5_succsses,960,0,2,2,2,66,1.901,,56,119.970679334,emfc_subjectives,2019_Jul_08_1819,,
91,q6_accurate,960,0,3,3,3,70,2.218,,56,119.970679334,emfc_subjectives,2019_Jul_08_1819,,
92,q7_quick,960,0,4,4,4,59,2.379,,56,119.970679334,emfc_subjectives,2019_Jul_08_1819,,
90,q8_want_random,960,0,5,5,5,61,2.218,,56,119.970679334,emfc_subjectives,2019_Jul_08_1819,,
107,q9_urge,960,0,6,6,6,51,2.566,,56,119.970679334,emfc_subjectives,2019_Jul_08_1819,,
63,q3_control,960,0,0,0,0,75,20.994,,59,119.982482564,emfc_subjectives,2019_Jul_15_1423,,
90,q4_effort,960,0,1,1,1,55,16.555,,59,119.982482564,emfc_subjectives,2019_Jul_15_1423,,
95,q5_succsses,960,0,2,2,2,85,5.693,,59,119.982482564,emfc_subjectives,2019_Jul_15_1423,,
91,q6_accurate,960,0,3,3,3,95,9.403,,59,119.982482564,emfc_subjectives,2019_Jul_15_1423,,
92,q7_quick,960,0,4,4,4,80,7.47,,59,119.982482564,emfc_subjectives,2019_Jul_15_1423,,
90,q8_want_random,960,0,5,5,5,54,7.535,,59,119.982482564,emfc_subjectives,2019_Jul_15_1423,,
107,q9_urge,960,0,6,6,6,15,8.185,,59,119.982482564,emfc_subjectives,2019_Jul_15_1423,,
63,q3_control,960,0,0,0,0,75,12.518,,57,119.959021993,emfc_subjectives,2019_Jul_15_1424,,
90,q4_effort,960,0,1,1,1,78,4.67,,57,119.959021993,emfc_subjectives,2019_Jul_15_1424,,
95,q5_succsses,960,0,2,2,2,90,7.386,,57,119.959021993,emfc_subjectives,2019_Jul_15_1424,,
91,q6_accurate,960,0,3,3,3,91,5.143,,57,119.959021993,emfc_subjectives,2019_Jul_15_1424,,
92,q7_quick,960,0,4,4,4,94,5.686,,57,119.959021993,emfc_subjectives,2019_Jul_15_1424,,
90,q8_want_random,960,0,5,5,5,100,4.665,,57,119.959021993,emfc_subjectives,2019_Jul_15_1424,,
107,q9_urge,960,0,6,6,6,88,6.484,,57,119.959021993,emfc_subjectives,2019_Jul_15_1424,,
63,q3_control,960,0,0,0,0,88,24.988,,58,119.955136744,emfc_subjectives,2019_Jul_15_1425,,
90,q4_effort,960,0,1,1,1,86,2.824,,58,119.955136744,emfc_subjectives,2019_Jul_15_1425,,
95,q5_succsses,960,0,2,2,2,100,5.807,,58,119.955136744,emfc_subjectives,2019_Jul_15_1425,,
91,q6_accurate,960,0,3,3,3,100,7.21,,58,119.955136744,emfc_subjectives,2019_Jul_15_1425,,
92,q7_quick,960,0,4,4,4,100,7.396,,58,119.955136744,emfc_subjectives,2019_Jul_15_1425,,
90,q8_want_random,960,0,5,5,5,100,5.901,,58,119.955136744,emfc_subjectives,2019_Jul_15_1425,,
107,q9_urge,960,0,6,6,6,95,7.225,,58,119.955136744,emfc_subjectives,2019_Jul_15_1425,,
63,q3_control,960,0,0,0,0,19,13.721,,60,119.932549979,emfc_subjectives,2019_Jul_15_1616,,
90,q4_effort,960,0,1,1,1,81,3.578,,60,119.932549979,emfc_subjectives,2019_Jul_15_1616,,
95,q5_succsses,960,0,2,2,2,87,1.802,,60,119.932549979,emfc_subjectives,2019_Jul_15_1616,,
91,q6_accurate,960,0,3,3,3,92,1.935,,60,119.932549979,emfc_subjectives,2019_Jul_15_1616,,
92,q7_quick,960,0,4,4,4,71,2.07,,60,119.932549979,emfc_subjectives,2019_Jul_15_1616,,
90,q8_want_random,960,0,5,5,5,98,3.587,,60,119.932549979,emfc_subjectives,2019_Jul_15_1616,,
107,q9_urge,960,0,6,6,6,82,4.094,,60,119.932549979,emfc_subjectives,2019_Jul_15_1616,,
63,q3_control,960,0,0,0,0,40,22.632,,61,120.01833883,emfc_subjectives,2019_Jul_15_1723,,
90,q4_effort,960,0,1,1,1,20,17.306,,61,120.01833883,emfc_subjectives,2019_Jul_15_1723,,
95,q5_succsses,960,0,2,2,2,75,12.087,,61,120.01833883,emfc_subjectives,2019_Jul_15_1723,,
91,q6_accurate,960,0,3,3,3,71,17.713,,61,120.01833883,emfc_subjectives,2019_Jul_15_1723,,
92,q7_quick,960,0,4,4,4,53,7.91,,61,120.01833883,emfc_subjectives,2019_Jul_15_1723,,
90,q8_want_random,960,0,5,5,5,87,15.605,,61,120.01833883,emfc_subjectives,2019_Jul_15_1723,,
107,q9_urge,960,0,6,6,6,29,33.749,,61,120.01833883,emfc_subjectives,2019_Jul_15_1723,,
63,q3_control,960,0,0,0,0,32,14.534,,62,119.992272495,emfc_subjectives,2019_Jul_16_1315,,
90,q4_effort,960,0,1,1,1,74,9.046,,62,119.992272495,emfc_subjectives,2019_Jul_16_1315,,
95,q5_succsses,960,0,2,2,2,74,4.644,,62,119.992272495,emfc_subjectives,2019_Jul_16_1315,,
91,q6_accurate,960,0,3,3,3,84,5.861,,62,119.992272495,emfc_subjectives,2019_Jul_16_1315,,
92,q7_quick,960,0,4,4,4,76,3.936,,62,119.992272495,emfc_subjectives,2019_Jul_16_1315,,
90,q8_want_random,960,0,5,5,5,92,4.845,,62,119.992272495,emfc_subjectives,2019_Jul_16_1315,,
107,q9_urge,960,0,6,6,6,84,3.776,,62,119.992272495,emfc_subjectives,2019_Jul_16_1315,,
63,q3_control,960,0,0,0,0,20,5.779,,63,119.992272495,emfc_subjectives,2019_Jul_16_1420,,
90,q4_effort,960,0,1,1,1,90,8.215,,63,119.992272495,emfc_subjectives,2019_Jul_16_1420,,
95,q5_succsses,960,0,2,2,2,85,6.614,,63,119.992272495,emfc_subjectives,2019_Jul_16_1420,,
91,q6_accurate,960,0,3,3,3,100,4.351,,63,119.992272495,emfc_subjectives,2019_Jul_16_1420,,
92,q7_quick,960,0,4,4,4,95,4.018,,63,119.992272495,emfc_subjectives,2019_Jul_16_1420,,
90,q8_want_random,960,0,5,5,5,100,6.452,,63,119.992272495,emfc_subjectives,2019_Jul_16_1420,,
107,q9_urge,960,0,6,6,6,39,5.856,,63,119.992272495,emfc_subjectives,2019_Jul_16_1420,,
63,q3_control,960,0,0,0,0,85,18.414,,64,119.916585946,emfc_subjectives,2019_Jul_16_1747,,
90,q4_effort,960,0,1,1,1,68,15.247,,64,119.916585946,emfc_subjectives,2019_Jul_16_1747,,
95,q5_succsses,960,0,2,2,2,90,7.311,,64,119.916585946,emfc_subjectives,2019_Jul_16_1747,,
91,q6_accurate,960,0,3,3,3,92,9.645,,64,119.916585946,emfc_subjectives,2019_Jul_16_1747,,
92,q7_quick,960,0,4,4,4,87,12.005,,64,119.916585946,emfc_subjectives,2019_Jul_16_1747,,
90,q8_want_random,960,0,5,5,5,96,7.596,,64,119.916585946,emfc_subjectives,2019_Jul_16_1747,,
107,q9_urge,960,0,6,6,6,97,8.627,,64,119.916585946,emfc_subjectives,2019_Jul_16_1747,,
63,q3_control,960,0,0,0,0,49,15.615,,65,119.938016036,emfc_subjectives,2019_Jul_16_1843,,
90,q4_effort,960,0,1,1,1,30,9.419,,65,119.938016036,emfc_subjectives,2019_Jul_16_1843,,
95,q5_succsses,960,0,2,2,2,30,6.585,,65,119.938016036,emfc_subjectives,2019_Jul_16_1843,,
91,q6_accurate,960,0,3,3,3,30,7.585,,65,119.938016036,emfc_subjectives,2019_Jul_16_1843,,
92,q7_quick,960,0,4,4,4,30,7.896,,65,119.938016036,emfc_subjectives,2019_Jul_16_1843,,
90,q8_want_random,960,0,5,5,5,70,16.664,,65,119.938016036,emfc_subjectives,2019_Jul_16_1843,,
107,q9_urge,960,0,6,6,6,52,14.708,,65,119.938016036,emfc_subjectives,2019_Jul_16_1843,,
63,q3_control,960,0,0,0,0,81,6.395,,66,120.038508367,emfc_subjectives,2019_Jul_17_1353,,
90,q4_effort,960,0,1,1,1,61,5.647,,66,120.038508367,emfc_subjectives,2019_Jul_17_1353,,
95,q5_succsses,960,0,2,2,2,81,6.556,,66,120.038508367,emfc_subjectives,2019_Jul_17_1353,,
91,q6_accurate,960,0,3,3,3,75,9.226,,66,120.038508367,emfc_subjectives,2019_Jul_17_1353,,
92,q7_quick,960,0,4,4,4,90,4.202,,66,120.038508367,emfc_subjectives,2019_Jul_17_1353,,
90,q8_want_random,960,0,5,5,5,93,4.403,,66,120.038508367,emfc_subjectives,2019_Jul_17_1353,,
107,q9_urge,960,0,6,6,6,88,6.298,,66,120.038508367,emfc_subjectives,2019_Jul_17_1353,,
63,q3_control,960,0,0,0,0,42,3.938,,67,119.910834183,emfc_subjectives,2019_Jul_17_1544,,
90,q4_effort,960,0,1,1,1,58,1.669,,67,119.910834183,emfc_subjectives,2019_Jul_17_1544,,
95,q5_succsses,960,0,2,2,2,67,2.125,,67,119.910834183,emfc_subjectives,2019_Jul_17_1544,,
91,q6_accurate,960,0,3,3,3,68,1.844,,67,119.910834183,emfc_subjectives,2019_Jul_17_1544,,
92,q7_quick,960,0,4,4,4,78,1.911,,67,119.910834183,emfc_subjectives,2019_Jul_17_1544,,
90,q8_want_random,960,0,5,5,5,84,3.383,,67,119.910834183,emfc_subjectives,2019_Jul_17_1544,,
107,q9_urge,960,0,6,6,6,90,2.89,,67,119.910834183,emfc_subjectives,2019_Jul_17_1544,,
63,q3_control,960,0,0,0,0,13,5.628,,68,119.999040056,emfc_subjectives,2019_Jul_21_1357,,
90,q4_effort,960,0,1,1,1,5,5.33,,68,119.999040056,emfc_subjectives,2019_Jul_21_1357,,
95,q5_succsses,960,0,2,2,2,82,5.154,,68,119.999040056,emfc_subjectives,2019_Jul_21_1357,,
91,q6_accurate,960,0,3,3,3,76,3.217,,68,119.999040056,emfc_subjectives,2019_Jul_21_1357,,
92,q7_quick,960,0,4,4,4,82,3.625,,68,119.999040056,emfc_subjectives,2019_Jul_21_1357,,
90,q8_want_random,960,0,5,5,5,94,3.651,,68,119.999040056,emfc_subjectives,2019_Jul_21_1357,,
107,q9_urge,960,0,6,6,6,92,5.703,,68,119.999040056,emfc_subjectives,2019_Jul_21_1357,,
63,q3_control,960,0,0,0,0,93,8.732,,69,119.981043074,emfc_subjectives,2019_Jul_22_1327,,
90,q4_effort,960,0,1,1,1,35,3.878,,69,119.981043074,emfc_subjectives,2019_Jul_22_1327,,
95,q5_succsses,960,0,2,2,2,48,3.168,,69,119.981043074,emfc_subjectives,2019_Jul_22_1327,,
91,q6_accurate,960,0,3,3,3,48,5.126,,69,119.981043074,emfc_subjectives,2019_Jul_22_1327,,
92,q7_quick,960,0,4,4,4,94,4.72,,69,119.981043074,emfc_subjectives,2019_Jul_22_1327,,
90,q8_want_random,960,0,5,5,5,90,6.03,,69,119.981043074,emfc_subjectives,2019_Jul_22_1327,,
107,q9_urge,960,0,6,6,6,88,8.571,,69,119.981043074,emfc_subjectives,2019_Jul_22_1327,,
63,q3_control,960,0,0,0,0,48,6.023,,70,120.005520226,emfc_subjectives,2019_Jul_23_1253,,
90,q4_effort,960,0,1,1,1,92,3.669,,70,120.005520226,emfc_subjectives,2019_Jul_23_1253,,
95,q5_succsses,960,0,2,2,2,96,2.919,,70,120.005520226,emfc_subjectives,2019_Jul_23_1253,,
91,q6_accurate,960,0,3,3,3,93,2.461,,70,120.005520226,emfc_subjectives,2019_Jul_23_1253,,
92,q7_quick,960,0,4,4,4,96,3.718,,70,120.005520226,emfc_subjectives,2019_Jul_23_1253,,
90,q8_want_random,960,0,5,5,5,12,3.679,,70,120.005520226,emfc_subjectives,2019_Jul_23_1253,,
107,q9_urge,960,0,6,6,6,1,4.051,,70,120.005520226,emfc_subjectives,2019_Jul_23_1253,,
63,q3_control,960,0,0,0,0,63,9.498,,71,120.003648111,emfc_subjectives,2019_Jul_24_1108,,
90,q4_effort,960,0,1,1,1,74,3.861,,71,120.003648111,emfc_subjectives,2019_Jul_24_1108,,
95,q5_succsses,960,0,2,2,2,80,2.36,,71,120.003648111,emfc_subjectives,2019_Jul_24_1108,,
91,q6_accurate,960,0,3,3,3,82,4.378,,71,120.003648111,emfc_subjectives,2019_Jul_24_1108,,
92,q7_quick,960,0,4,4,4,84,2.536,,71,120.003648111,emfc_subjectives,2019_Jul_24_1108,,
90,q8_want_random,960,0,5,5,5,90,4.553,,71,120.003648111,emfc_subjectives,2019_Jul_24_1108,,
107,q9_urge,960,0,6,6,6,20,7.893,,71,120.003648111,emfc_subjectives,2019_Jul_24_1108,,
63,q3_control,960,0,0,0,0,50,12.404,,72,119.940317802,emfc_subjectives,2019_Jul_24_1110,,
90,q4_effort,960,0,1,1,1,80,6.111,,72,119.940317802,emfc_subjectives,2019_Jul_24_1110,,
95,q5_succsses,960,0,2,2,2,98,5.856,,72,119.940317802,emfc_subjectives,2019_Jul_24_1110,,
91,q6_accurate,960,0,3,3,3,99,3.603,,72,119.940317802,emfc_subjectives,2019_Jul_24_1110,,
92,q7_quick,960,0,4,4,4,99,2.661,,72,119.940317802,emfc_subjectives,2019_Jul_24_1110,,
90,q8_want_random,960,0,5,5,5,100,4.347,,72,119.940317802,emfc_subjectives,2019_Jul_24_1110,,
107,q9_urge,960,0,6,6,6,100,3.184,,72,119.940317802,emfc_subjectives,2019_Jul_24_1110,,
63,q3_control,960,0,0,0,0,80,48.28,,73,120.037067281,emfc_subjectives,2019_Jul_24_1206,,
90,q4_effort,960,0,1,1,1,95,15.963,,73,120.037067281,emfc_subjectives,2019_Jul_24_1206,,
95,q5_succsses,960,0,2,2,2,90,11.045,,73,120.037067281,emfc_subjectives,2019_Jul_24_1206,,
91,q6_accurate,960,0,3,3,3,95,5.245,,73,120.037067281,emfc_subjectives,2019_Jul_24_1206,,
92,q7_quick,960,0,4,4,4,100,8.696,,73,120.037067281,emfc_subjectives,2019_Jul_24_1206,,
90,q8_want_random,960,0,5,5,5,100,5.52,,73,120.037067281,emfc_subjectives,2019_Jul_24_1206,,
107,q9_urge,960,0,6,6,6,90,20.404,,73,120.037067281,emfc_subjectives,2019_Jul_24_1206,,
63,q3_control,960,0,0,0,0,14,8.195,,74,119.918024057,emfc_subjectives,2019_Jul_24_1304,,
90,q4_effort,960,0,1,1,1,98,4.929,,74,119.918024057,emfc_subjectives,2019_Jul_24_1304,,
95,q5_succsses,960,0,2,2,2,98,2.752,,74,119.918024057,emfc_subjectives,2019_Jul_24_1304,,
91,q6_accurate,960,0,3,3,3,97,3.92,,74,119.918024057,emfc_subjectives,2019_Jul_24_1304,,
92,q7_quick,960,0,4,4,4,97,3.395,,74,119.918024057,emfc_subjectives,2019_Jul_24_1304,,
90,q8_want_random,960,0,5,5,5,100,3.895,,74,119.918024057,emfc_subjectives,2019_Jul_24_1304,,
107,q9_urge,960,0,6,6,6,100,3.46,,74,119.918024057,emfc_subjectives,2019_Jul_24_1304,,
63,q3_control,960,0,0,0,0,81,19.358,,75,119.923920244,emfc_subjectives,2019_Jul_24_1504,,
90,q4_effort,960,0,1,1,1,90,3.934,,75,119.923920244,emfc_subjectives,2019_Jul_24_1504,,
95,q5_succsses,960,0,2,2,2,100,5.452,,75,119.923920244,emfc_subjectives,2019_Jul_24_1504,,
91,q6_accurate,960,0,3,3,3,100,4.843,,75,119.923920244,emfc_subjectives,2019_Jul_24_1504,,
92,q7_quick,960,0,4,4,4,100,2.922,,75,119.923920244,emfc_subjectives,2019_Jul_24_1504,,
90,q8_want_random,960,0,5,5,5,79,15.287,,75,119.923920244,emfc_subjectives,2019_Jul_24_1504,,
107,q9_urge,960,0,6,6,6,100,4.895,,75,119.923920244,emfc_subjectives,2019_Jul_24_1504,,
63,q3_control,960,0,0,0,0,70,24.069,,76,119.961900034,emfc_subjectives,2019_Jul_24_1730,,
90,q4_effort,960,0,1,1,1,47,5.836,,76,119.961900034,emfc_subjectives,2019_Jul_24_1730,,
95,q5_succsses,960,0,2,2,2,63,6.226,,76,119.961900034,emfc_subjectives,2019_Jul_24_1730,,
91,q6_accurate,960,0,3,3,3,65,4.086,,76,119.961900034,emfc_subjectives,2019_Jul_24_1730,,
92,q7_quick,960,0,4,4,4,85,3.895,,76,119.961900034,emfc_subjectives,2019_Jul_24_1730,,
90,q8_want_random,960,0,5,5,5,63,8.129,,76,119.961900034,emfc_subjectives,2019_Jul_24_1730,,
107,q9_urge,960,0,6,6,6,37,6.676,,76,119.961900034,emfc_subjectives,2019_Jul_24_1730,,
63,q3_control,960,0,0,0,0,78,10.337,,77,119.899763844,emfc_subjectives,2019_Jul_24_1732,,
90,q4_effort,960,0,1,1,1,81,4.437,,77,119.899763844,emfc_subjectives,2019_Jul_24_1732,,
95,q5_succsses,960,0,2,2,2,54,3.135,,77,119.899763844,emfc_subjectives,2019_Jul_24_1732,,
91,q6_accurate,960,0,3,3,3,92,4.227,,77,119.899763844,emfc_subjectives,2019_Jul_24_1732,,
92,q7_quick,960,0,4,4,4,57,5.253,,77,119.899763844,emfc_subjectives,2019_Jul_24_1732,,
90,q8_want_random,960,0,5,5,5,72,4.37,,77,119.899763844,emfc_subjectives,2019_Jul_24_1732,,
107,q9_urge,960,0,6,6,6,81,5.076,,77,119.899763844,emfc_subjectives,2019_Jul_24_1732,,
63,q3_control,960,0,0,0,0,80,23.605,,78,119.905802011,emfc_subjectives,2019_Jul_28_1117,,
90,q4_effort,960,0,1,1,1,90,11.237,,78,119.905802011,emfc_subjectives,2019_Jul_28_1117,,
95,q5_succsses,960,0,2,2,2,100,7.316,,78,119.905802011,emfc_subjectives,2019_Jul_28_1117,,
91,q6_accurate,960,0,3,3,3,100,7.768,,78,119.905802011,emfc_subjectives,2019_Jul_28_1117,,
92,q7_quick,960,0,4,4,4,75,11.246,,78,119.905802011,emfc_subjectives,2019_Jul_28_1117,,
90,q8_want_random,960,0,5,5,5,90,20.983,,78,119.905802011,emfc_subjectives,2019_Jul_28_1117,,
107,q9_urge,960,0,6,6,6,100,6.843,,78,119.905802011,emfc_subjectives,2019_Jul_28_1117,,
63,q3_control,960,0,0,0,0,77,7.582,,79,120.076272246,emfc_subjectives,2019_Jul_28_1345,,
90,q4_effort,960,0,1,1,1,21,5.786,,79,120.076272246,emfc_subjectives,2019_Jul_28_1345,,
95,q5_succsses,960,0,2,2,2,89,4.094,,79,120.076272246,emfc_subjectives,2019_Jul_28_1345,,
91,q6_accurate,960,0,3,3,3,96,3.472,,79,120.076272246,emfc_subjectives,2019_Jul_28_1345,,
92,q7_quick,960,0,4,4,4,76,3.328,,79,120.076272246,emfc_subjectives,2019_Jul_28_1345,,
90,q8_want_random,960,0,5,5,5,87,5.95,,79,120.076272246,emfc_subjectives,2019_Jul_28_1345,,
107,q9_urge,960,0,6,6,6,48,4.251,,79,120.076272246,emfc_subjectives,2019_Jul_28_1345,,
63,q3_control,960,0,0,0,0,100,11.661,,80,119.982626439,emfc_subjectives,2019_Jul_28_1347,,
90,q4_effort,960,0,1,1,1,86,3.136,,80,119.982626439,emfc_subjectives,2019_Jul_28_1347,,
95,q5_succsses,960,0,2,2,2,100,4.085,,80,119.982626439,emfc_subjectives,2019_Jul_28_1347,,
91,q6_accurate,960,0,3,3,3,100,3.302,,80,119.982626439,emfc_subjectives,2019_Jul_28_1347,,
92,q7_quick,960,0,4,4,4,99,2.803,,80,119.982626439,emfc_subjectives,2019_Jul_28_1347,,
90,q8_want_random,960,0,5,5,5,100,4.678,,80,119.982626439,emfc_subjectives,2019_Jul_28_1347,,
107,q9_urge,960,0,6,6,6,100,6.76,,80,119.982626439,emfc_subjectives,2019_Jul_28_1347,,
63,q3_control,960,0,0,0,0,88,22.952,,81,119.949956888,emfc_subjectives,2019_Jul_31_1217,,
90,q4_effort,960,0,1,1,1,97,7.704,,81,119.949956888,emfc_subjectives,2019_Jul_31_1217,,
95,q5_succsses,960,0,2,2,2,98,4.902,,81,119.949956888,emfc_subjectives,2019_Jul_31_1217,,
91,q6_accurate,960,0,3,3,3,100,6.786,,81,119.949956888,emfc_subjectives,2019_Jul_31_1217,,
92,q7_quick,960,0,4,4,4,97,6.395,,81,119.949956888,emfc_subjectives,2019_Jul_31_1217,,
90,q8_want_random,960,0,5,5,5,100,5.82,,81,119.949956888,emfc_subjectives,2019_Jul_31_1217,,
107,q9_urge,960,0,6,6,6,88,8.91,,81,119.949956888,emfc_subjectives,2019_Jul_31_1217,,
63,q3_control,960,0,0,0,0,40,10.649,,48,119.913710163,emfc_subjectives,2019_Jun_02_1146,,
90,q4_effort,960,0,1,1,1,70,3.186,,48,119.913710163,emfc_subjectives,2019_Jun_02_1146,,
95,q5_succsses,960,0,2,2,2,70,3.218,,48,119.913710163,emfc_subjectives,2019_Jun_02_1146,,
91,q6_accurate,960,0,3,3,3,80,5.868,,48,119.913710163,emfc_subjectives,2019_Jun_02_1146,,
92,q7_quick,960,0,4,4,4,50,6.42,,48,119.913710163,emfc_subjectives,2019_Jun_02_1146,,
90,q8_want_random,960,0,5,5,5,100,3.052,,48,119.913710163,emfc_subjectives,2019_Jun_02_1146,,
107,q9_urge,960,0,6,6,6,80,5.618,,48,119.913710163,emfc_subjectives,2019_Jun_02_1146,,
63,q3_control,960,0,0,0,0,84,5.062,,49,119.923057339,emfc_subjectives,2019_Jun_04_1207,,
90,q4_effort,960,0,1,1,1,15,10.186,,49,119.923057339,emfc_subjectives,2019_Jun_04_1207,,
95,q5_succsses,960,0,2,2,2,90,5.327,,49,119.923057339,emfc_subjectives,2019_Jun_04_1207,,
91,q6_accurate,960,0,3,3,3,95,8.894,,49,119.923057339,emfc_subjectives,2019_Jun_04_1207,,
92,q7_quick,960,0,4,4,4,90,7.029,,49,119.923057339,emfc_subjectives,2019_Jun_04_1207,,
90,q8_want_random,960,0,5,5,5,100,7.174,,49,119.923057339,emfc_subjectives,2019_Jun_04_1207,,
107,q9_urge,960,0,6,6,6,80,6.915,,49,119.923057339,emfc_subjectives,2019_Jun_04_1207,,
63,q3_control,960,0,0,0,0,71,15.234,,50,119.934563427,emfc_subjectives,2019_Jun_04_1349,,
90,q4_effort,960,0,1,1,1,75,8.821,,50,119.934563427,emfc_subjectives,2019_Jun_04_1349,,
95,q5_succsses,960,0,2,2,2,67,8.445,,50,119.934563427,emfc_subjectives,2019_Jun_04_1349,,
91,q6_accurate,960,0,3,3,3,75,4.895,,50,119.934563427,emfc_subjectives,2019_Jun_04_1349,,
92,q7_quick,960,0,4,4,4,84,4.979,,50,119.934563427,emfc_subjectives,2019_Jun_04_1349,,
90,q8_want_random,960,0,5,5,5,100,7.412,,50,119.934563427,emfc_subjectives,2019_Jun_04_1349,,
107,q9_urge,960,0,6,6,6,7,10.078,,50,119.934563427,emfc_subjectives,2019_Jun_04_1349,,
63,q3_control,960,0,0,0,0,70,7.402,,51,119.988817055,emfc_subjectives,2019_Jun_05_1638,,
90,q4_effort,960,0,1,1,1,90,5.101,,51,119.988817055,emfc_subjectives,2019_Jun_05_1638,,
95,q5_succsses,960,0,2,2,2,80,6.228,,51,119.988817055,emfc_subjectives,2019_Jun_05_1638,,
91,q6_accurate,960,0,3,3,3,95,6.395,,51,119.988817055,emfc_subjectives,2019_Jun_05_1638,,
92,q7_quick,960,0,4,4,4,80,8.12,,51,119.988817055,emfc_subjectives,2019_Jun_05_1638,,
90,q8_want_random,960,0,5,5,5,100,5.936,,51,119.988817055,emfc_subjectives,2019_Jun_05_1638,,
107,q9_urge,960,0,6,6,6,95,7.727,,51,119.988817055,emfc_subjectives,2019_Jun_05_1638,,
63,q3_control,960,0,0,0,0,96,9.254,,53,120.022948451,emfc_subjectives,2019_Jun_05_1649,,
90,q4_effort,960,0,1,1,1,30,8.429,,53,120.022948451,emfc_subjectives,2019_Jun_05_1649,,
95,q5_succsses,960,0,2,2,2,85,7.526,,53,120.022948451,emfc_subjectives,2019_Jun_05_1649,,
91,q6_accurate,960,0,3,3,3,86,3.511,,53,120.022948451,emfc_subjectives,2019_Jun_05_1649,,
92,q7_quick,960,0,4,4,4,76,3.686,,53,120.022948451,emfc_subjectives,2019_Jun_05_1649,,
90,q8_want_random,960,0,5,5,5,70,12.489,,53,120.022948451,emfc_subjectives,2019_Jun_05_1649,,
107,q9_urge,960,0,6,6,6,90,6.756,,53,120.022948451,emfc_subjectives,2019_Jun_05_1649,,
63,q3_control,960,0,0,0,0,4,11.337,,54,119.976868507,emfc_subjectives,2019_Jun_06_1532,,
90,q4_effort,960,0,1,1,1,63,7.145,,54,119.976868507,emfc_subjectives,2019_Jun_06_1532,,
95,q5_succsses,960,0,2,2,2,92,5.159,,54,119.976868507,emfc_subjectives,2019_Jun_06_1532,,
91,q6_accurate,960,0,3,3,3,96,6.478,,54,119.976868507,emfc_subjectives,2019_Jun_06_1532,,
92,q7_quick,960,0,4,4,4,55,5.795,,54,119.976868507,emfc_subjectives,2019_Jun_06_1532,,
90,q8_want_random,960,0,5,5,5,95,6.903,,54,119.976868507,emfc_subjectives,2019_Jun_06_1532,,
107,q9_urge,960,0,6,6,6,93,5.56,,54,119.976868507,emfc_subjectives,2019_Jun_06_1532,,
63,q3_control,960,0,0,0,0,75,17.831,,1,119.991696567,emfc_subjectives,2019_May_02_1342,,
90,q4_effort,960,0,1,1,1,80,14.494,,1,119.991696567,emfc_subjectives,2019_May_02_1342,,
95,q5_succsses,960,0,2,2,2,95,5.503,,1,119.991696567,emfc_subjectives,2019_May_02_1342,,
91,q6_accurate,960,0,3,3,3,98,5.502,,1,119.991696567,emfc_subjectives,2019_May_02_1342,,
92,q7_quick,960,0,4,4,4,89,5.71,,1,119.991696567,emfc_subjectives,2019_May_02_1342,,
90,q8_want_random,960,0,5,5,5,98,6.818,,1,119.991696567,emfc_subjectives,2019_May_02_1342,,
107,q9_urge,960,0,6,6,6,82,8.442,,1,119.991696567,emfc_subjectives,2019_May_02_1342,,
63,q3_control,960,0,0,0,0,60,19.696,,2,119.943482633,emfc_subjectives,2019_May_02_1345,,
90,q4_effort,960,0,1,1,1,81,20.893,,2,119.943482633,emfc_subjectives,2019_May_02_1345,,
95,q5_succsses,960,0,2,2,2,88,8.558,,2,119.943482633,emfc_subjectives,2019_May_02_1345,,
91,q6_accurate,960,0,3,3,3,96,9.0,,2,119.943482633,emfc_subjectives,2019_May_02_1345,,
92,q7_quick,960,0,4,4,4,89,5.707,,2,119.943482633,emfc_subjectives,2019_May_02_1345,,
90,q8_want_random,960,0,5,5,5,58,21.278,,2,119.943482633,emfc_subjectives,2019_May_02_1345,,
107,q9_urge,960,0,6,6,6,65,9.333,,2,119.943482633,emfc_subjectives,2019_May_02_1345,,
63,q3_control,960,0,0,0,0,67,8.739,,3,120.018194617,emfc_subjectives,2019_May_05_1156,,
90,q4_effort,960,0,1,1,1,71,5.427,,3,120.018194617,emfc_subjectives,2019_May_05_1156,,
95,q5_succsses,960,0,2,2,2,70,4.38,,3,120.018194617,emfc_subjectives,2019_May_05_1156,,
91,q6_accurate,960,0,3,3,3,77,4.005,,3,120.018194617,emfc_subjectives,2019_May_05_1156,,
92,q7_quick,960,0,4,4,4,82,2.833,,3,120.018194617,emfc_subjectives,2019_May_05_1156,,
90,q8_want_random,960,0,5,5,5,1,6.444,,3,120.018194617,emfc_subjectives,2019_May_05_1156,,
107,q9_urge,960,0,6,6,6,95,4.861,,3,120.018194617,emfc_subjectives,2019_May_05_1156,,
63,q3_control,960,0,0,0,0,80,4.764,,4,119.981474943,emfc_subjectives,2019_May_05_1446,,
90,q4_effort,960,0,1,1,1,84,3.608,,4,119.981474943,emfc_subjectives,2019_May_05_1446,,
95,q5_succsses,960,0,2,2,2,74,4.817,,4,119.981474943,emfc_subjectives,2019_May_05_1446,,
91,q6_accurate,960,0,3,3,3,73,7.101,,4,119.981474943,emfc_subjectives,2019_May_05_1446,,
92,q7_quick,960,0,4,4,4,85,3.352,,4,119.981474943,emfc_subjectives,2019_May_05_1446,,
90,q8_want_random,960,0,5,5,5,97,3.042,,4,119.981474943,emfc_subjectives,2019_May_05_1446,,
107,q9_urge,960,0,6,6,6,25,4.889,,4,119.981474943,emfc_subjectives,2019_May_05_1446,,
63,q3_control,960,0,0,0,0,99,9.241,,5,119.973269954,emfc_subjectives,2019_May_06_1327,,
90,q4_effort,960,0,1,1,1,95,2.784,,5,119.973269954,emfc_subjectives,2019_May_06_1327,,
95,q5_succsses,960,0,2,2,2,91,2.291,,5,119.973269954,emfc_subjectives,2019_May_06_1327,,
91,q6_accurate,960,0,3,3,3,93,2.958,,5,119.973269954,emfc_subjectives,2019_May_06_1327,,
92,q7_quick,960,0,4,4,4,94,3.267,,5,119.973269954,emfc_subjectives,2019_May_06_1327,,
90,q8_want_random,960,0,5,5,5,89,4.892,,5,119.973269954,emfc_subjectives,2019_May_06_1327,,
107,q9_urge,960,0,6,6,6,70,8.191,,5,119.973269954,emfc_subjectives,2019_May_06_1327,,
63,q3_control,960,0,0,0,0,75,15.876,,7,120.025109248,emfc_subjectives,2019_May_06_1700,,
90,q4_effort,960,0,1,1,1,85,6.818,,7,120.025109248,emfc_subjectives,2019_May_06_1700,,
95,q5_succsses,960,0,2,2,2,80,5.867,,7,120.025109248,emfc_subjectives,2019_May_06_1700,,
91,q6_accurate,960,0,3,3,3,90,9.299,,7,120.025109248,emfc_subjectives,2019_May_06_1700,,
92,q7_quick,960,0,4,4,4,60,4.018,,7,120.025109248,emfc_subjectives,2019_May_06_1700,,
90,q8_want_random,960,0,5,5,5,95,5.392,,7,120.025109248,emfc_subjectives,2019_May_06_1700,,
107,q9_urge,960,0,6,6,6,30,31.92,,7,120.025109248,emfc_subjectives,2019_May_06_1700,,
63,q3_control,960,0,0,0,0,75,8.423,,8,119.995728175,emfc_subjectives,2019_May_07_1140,,
90,q4_effort,960,0,1,1,1,90,4.975,,8,119.995728175,emfc_subjectives,2019_May_07_1140,,
95,q5_succsses,960,0,2,2,2,85,10.083,,8,119.995728175,emfc_subjectives,2019_May_07_1140,,
91,q6_accurate,960,0,3,3,3,90,8.383,,8,119.995728175,emfc_subjectives,2019_May_07_1140,,
92,q7_quick,960,0,4,4,4,80,6.343,,8,119.995728175,emfc_subjectives,2019_May_07_1140,,
90,q8_want_random,960,0,5,5,5,95,5.816,,8,119.995728175,emfc_subjectives,2019_May_07_1140,,
107,q9_urge,960,0,6,6,6,5,5.824,,8,119.995728175,emfc_subjectives,2019_May_07_1140,,
63,q3_control,960,0,0,0,0,11,4.584,,9,119.970391305,emfc_subjectives,2019_May_13_1112,,
90,q4_effort,960,0,1,1,1,78,2.201,,9,119.970391305,emfc_subjectives,2019_May_13_1112,,
95,q5_succsses,960,0,2,2,2,80,1.942,,9,119.970391305,emfc_subjectives,2019_May_13_1112,,
91,q6_accurate,960,0,3,3,3,90,1.809,,9,119.970391305,emfc_subjectives,2019_May_13_1112,,
92,q7_quick,960,0,4,4,4,85,1.601,,9,119.970391305,emfc_subjectives,2019_May_13_1112,,
90,q8_want_random,960,0,5,5,5,95,2.643,,9,119.970391305,emfc_subjectives,2019_May_13_1112,,
107,q9_urge,960,0,6,6,6,64,2.573,,9,119.970391305,emfc_subjectives,2019_May_13_1112,,
63,q3_control,960,0,0,0,0,86,16.572,,10,119.939166782,emfc_subjectives,2019_May_13_1121,,
90,q4_effort,960,0,1,1,1,81,8.71,,10,119.939166782,emfc_subjectives,2019_May_13_1121,,
95,q5_succsses,960,0,2,2,2,68,5.924,,10,119.939166782,emfc_subjectives,2019_May_13_1121,,
91,q6_accurate,960,0,3,3,3,80,4.133,,10,119.939166782,emfc_subjectives,2019_May_13_1121,,
92,q7_quick,960,0,4,4,4,81,1.717,,10,119.939166782,emfc_subjectives,2019_May_13_1121,,
90,q8_want_random,960,0,5,5,5,62,5.284,,10,119.939166782,emfc_subjectives,2019_May_13_1121,,
107,q9_urge,960,0,6,6,6,82,10.133,,10,119.939166782,emfc_subjectives,2019_May_13_1121,,
63,q3_control,960,0,0,0,0,75,6.802,,11,119.977444125,emfc_subjectives,2019_May_13_1405,,
90,q4_effort,960,0,1,1,1,70,2.31,,11,119.977444125,emfc_subjectives,2019_May_13_1405,,
95,q5_succsses,960,0,2,2,2,96,3.87,,11,119.977444125,emfc_subjectives,2019_May_13_1405,,
91,q6_accurate,960,0,3,3,3,97,2.352,,11,119.977444125,emfc_subjectives,2019_May_13_1405,,
92,q7_quick,960,0,4,4,4,95,2.204,,11,119.977444125,emfc_subjectives,2019_May_13_1405,,
90,q8_want_random,960,0,5,5,5,75,2.495,,11,119.977444125,emfc_subjectives,2019_May_13_1405,,
107,q9_urge,960,0,6,6,6,90,2.668,,11,119.977444125,emfc_subjectives,2019_May_13_1405,,
63,q3_control,960,0,0,0,0,86,8.042,,12,119.984785869,emfc_subjectives,2019_May_13_1409,,
90,q4_effort,960,0,1,1,1,85,3.561,,12,119.984785869,emfc_subjectives,2019_May_13_1409,,
95,q5_succsses,960,0,2,2,2,100,2.435,,12,119.984785869,emfc_subjectives,2019_May_13_1409,,
91,q6_accurate,960,0,3,3,3,100,2.21,,12,119.984785869,emfc_subjectives,2019_May_13_1409,,
92,q7_quick,960,0,4,4,4,70,3.637,,12,119.984785869,emfc_subjectives,2019_May_13_1409,,
90,q8_want_random,960,0,5,5,5,100,3.803,,12,119.984785869,emfc_subjectives,2019_May_13_1409,,
107,q9_urge,960,0,6,6,6,1,3.084,,12,119.984785869,emfc_subjectives,2019_May_13_1409,,
63,q3_control,960,0,0,0,0,31,15.089,,13,119.978020083,emfc_subjectives,2019_May_13_1411,,
90,q4_effort,960,0,1,1,1,80,17.937,,13,119.978020083,emfc_subjectives,2019_May_13_1411,,
95,q5_succsses,960,0,2,2,2,82,6.335,,13,119.978020083,emfc_subjectives,2019_May_13_1411,,
91,q6_accurate,960,0,3,3,3,88,6.985,,13,119.978020083,emfc_subjectives,2019_May_13_1411,,
92,q7_quick,960,0,4,4,4,17,5.834,,13,119.978020083,emfc_subjectives,2019_May_13_1411,,
90,q8_want_random,960,0,5,5,5,44,12.209,,13,119.978020083,emfc_subjectives,2019_May_13_1411,,
107,q9_urge,960,0,6,6,6,87,4.209,,13,119.978020083,emfc_subjectives,2019_May_13_1411,,
63,q3_control,960,0,0,0,0,32,5.103,,14,119.998320067,emfc_subjectives,2019_May_13_1434,,
90,q4_effort,960,0,1,1,1,65,2.412,,14,119.998320067,emfc_subjectives,2019_May_13_1434,,
95,q5_succsses,960,0,2,2,2,79,2.135,,14,119.998320067,emfc_subjectives,2019_May_13_1434,,
91,q6_accurate,960,0,3,3,3,88,1.835,,14,119.998320067,emfc_subjectives,2019_May_13_1434,,
92,q7_quick,960,0,4,4,4,89,1.737,,14,119.998320067,emfc_subjectives,2019_May_13_1434,,
90,q8_want_random,960,0,5,5,5,81,3.201,,14,119.998320067,emfc_subjectives,2019_May_13_1434,,
107,q9_urge,960,0,6,6,6,97,2.034,,14,119.998320067,emfc_subjectives,2019_May_13_1434,,
63,q3_control,960,0,0,0,0,40,7.105,,15,120.125603336,emfc_subjectives,2019_May_14_1022,,
90,q4_effort,960,0,1,1,1,50,9.027,,15,120.125603336,emfc_subjectives,2019_May_14_1022,,
95,q5_succsses,960,0,2,2,2,60,5.618,,15,120.125603336,emfc_subjectives,2019_May_14_1022,,
91,q6_accurate,960,0,3,3,3,66,12.97,,15,120.125603336,emfc_subjectives,2019_May_14_1022,,
92,q7_quick,960,0,4,4,4,60,5.003,,15,120.125603336,emfc_subjectives,2019_May_14_1022,,
90,q8_want_random,960,0,5,5,5,65,6.17,,15,120.125603336,emfc_subjectives,2019_May_14_1022,,
107,q9_urge,960,0,6,6,6,80,4.426,,15,120.125603336,emfc_subjectives,2019_May_14_1022,,
63,q3_control,960,0,0,0,0,15,7.595,,16,119.911121926,emfc_subjectives,2019_May_14_1252,,
90,q4_effort,960,0,1,1,1,12,3.834,,16,119.911121926,emfc_subjectives,2019_May_14_1252,,
95,q5_succsses,960,0,2,2,2,48,4.466,,16,119.911121926,emfc_subjectives,2019_May_14_1252,,
91,q6_accurate,960,0,3,3,3,18,3.566,,16,119.911121926,emfc_subjectives,2019_May_14_1252,,
92,q7_quick,960,0,4,4,4,66,3.911,,16,119.911121926,emfc_subjectives,2019_May_14_1252,,
90,q8_want_random,960,0,5,5,5,94,3.604,,16,119.911121926,emfc_subjectives,2019_May_14_1252,,
107,q9_urge,960,0,6,6,6,96,3.116,,16,119.911121926,emfc_subjectives,2019_May_14_1252,,
63,q3_control,960,0,0,0,0,79,21.095,,17,119.874323862,emfc_subjectives,2019_May_14_1517,,
90,q4_effort,960,0,1,1,1,73,7.236,,17,119.874323862,emfc_subjectives,2019_May_14_1517,,
95,q5_succsses,960,0,2,2,2,91,7.102,,17,119.874323862,emfc_subjectives,2019_May_14_1517,,
91,q6_accurate,960,0,3,3,3,88,7.643,,17,119.874323862,emfc_subjectives,2019_May_14_1517,,
92,q7_quick,960,0,4,4,4,81,5.685,,17,119.874323862,emfc_subjectives,2019_May_14_1517,,
90,q8_want_random,960,0,5,5,5,98,10.087,,17,119.874323862,emfc_subjectives,2019_May_14_1517,,
107,q9_urge,960,0,6,6,6,15,8.009,,17,119.874323862,emfc_subjectives,2019_May_14_1517,,
63,q3_control,960,0,0,0,0,4,7.228,,18,120.007248549,emfc_subjectives,2019_May_14_1554,,
90,q4_effort,960,0,1,1,1,46,4.227,,18,120.007248549,emfc_subjectives,2019_May_14_1554,,
95,q5_succsses,960,0,2,2,2,50,2.543,,18,120.007248549,emfc_subjectives,2019_May_14_1554,,
91,q6_accurate,960,0,3,3,3,48,1.418,,18,120.007248549,emfc_subjectives,2019_May_14_1554,,
92,q7_quick,960,0,4,4,4,65,2.125,,18,120.007248549,emfc_subjectives,2019_May_14_1554,,
90,q8_want_random,960,0,5,5,5,76,3.269,,18,120.007248549,emfc_subjectives,2019_May_14_1554,,
107,q9_urge,960,0,6,6,6,91,2.534,,18,120.007248549,emfc_subjectives,2019_May_14_1554,,
63,q3_control,960,0,0,0,0,74,15.617,,19,119.874467562,emfc_subjectives,2019_May_14_1756,,
90,q4_effort,960,0,1,1,1,63,6.121,,19,119.874467562,emfc_subjectives,2019_May_14_1756,,
95,q5_succsses,960,0,2,2,2,76,4.778,,19,119.874467562,emfc_subjectives,2019_May_14_1756,,
91,q6_accurate,960,0,3,3,3,86,4.535,,19,119.874467562,emfc_subjectives,2019_May_14_1756,,
92,q7_quick,960,0,4,4,4,81,3.678,,19,119.874467562,emfc_subjectives,2019_May_14_1756,,
90,q8_want_random,960,0,5,5,5,84,4.52,,19,119.874467562,emfc_subjectives,2019_May_14_1756,,
107,q9_urge,960,0,6,6,6,67,8.669,,19,119.874467562,emfc_subjectives,2019_May_14_1756,,
63,q3_control,960,0,0,0,0,65,16.032,,20,120.043984003,emfc_subjectives,2019_May_14_1819,,
90,q4_effort,960,0,1,1,1,57,11.726,,20,120.043984003,emfc_subjectives,2019_May_14_1819,,
95,q5_succsses,960,0,2,2,2,90,8.509,,20,120.043984003,emfc_subjectives,2019_May_14_1819,,
91,q6_accurate,960,0,3,3,3,90,5.016,,20,120.043984003,emfc_subjectives,2019_May_14_1819,,
92,q7_quick,960,0,4,4,4,100,3.568,,20,120.043984003,emfc_subjectives,2019_May_14_1819,,
90,q8_want_random,960,0,5,5,5,100,3.859,,20,120.043984003,emfc_subjectives,2019_May_14_1819,,
107,q9_urge,960,0,6,6,6,100,3.107,,20,120.043984003,emfc_subjectives,2019_May_14_1819,,
63,q3_control,960,0,0,0,0,59,15.456,,21,119.889126585,emfc_subjectives,2019_May_15_1255,,
90,q4_effort,960,0,1,1,1,72,8.585,,21,119.889126585,emfc_subjectives,2019_May_15_1255,,
95,q5_succsses,960,0,2,2,2,84,7.01,,21,119.889126585,emfc_subjectives,2019_May_15_1255,,
91,q6_accurate,960,0,3,3,3,84,5.511,,21,119.889126585,emfc_subjectives,2019_May_15_1255,,
92,q7_quick,960,0,4,4,4,72,6.753,,21,119.889126585,emfc_subjectives,2019_May_15_1255,,
90,q8_want_random,960,0,5,5,5,67,19.605,,21,119.889126585,emfc_subjectives,2019_May_15_1255,,
107,q9_urge,960,0,6,6,6,51,8.184,,21,119.889126585,emfc_subjectives,2019_May_15_1255,,
63,q3_control,960,0,0,0,0,100,10.92,,22,119.876048116,emfc_subjectives,2019_May_15_1342,,
90,q4_effort,960,0,1,1,1,90,8.613,,22,119.876048116,emfc_subjectives,2019_May_15_1342,,
95,q5_succsses,960,0,2,2,2,50,9.178,,22,119.876048116,emfc_subjectives,2019_May_15_1342,,
91,q6_accurate,960,0,3,3,3,77,7.278,,22,119.876048116,emfc_subjectives,2019_May_15_1342,,
92,q7_quick,960,0,4,4,4,100,6.329,,22,119.876048116,emfc_subjectives,2019_May_15_1342,,
90,q8_want_random,960,0,5,5,5,100,5.754,,22,119.876048116,emfc_subjectives,2019_May_15_1342,,
107,q9_urge,960,0,6,6,6,55,6.468,,22,119.876048116,emfc_subjectives,2019_May_15_1342,,
63,q3_control,960,0,0,0,0,21,10.303,,23,119.989968818,emfc_subjectives,2019_May_15_1831,,
90,q4_effort,960,0,1,1,1,75,4.02,,23,119.989968818,emfc_subjectives,2019_May_15_1831,,
95,q5_succsses,960,0,2,2,2,100,4.143,,23,119.989968818,emfc_subjectives,2019_May_15_1831,,
91,q6_accurate,960,0,3,3,3,100,3.436,,23,119.989968818,emfc_subjectives,2019_May_15_1831,,
92,q7_quick,960,0,4,4,4,90,6.262,,23,119.989968818,emfc_subjectives,2019_May_15_1831,,
90,q8_want_random,960,0,5,5,5,100,5.028,,23,119.989968818,emfc_subjectives,2019_May_15_1831,,
107,q9_urge,960,0,6,6,6,30,5.693,,23,119.989968818,emfc_subjectives,2019_May_15_1831,,
63,q3_control,960,0,0,0,0,75,5.304,,24,119.968232394,emfc_subjectives,2019_May_15_1847,,
90,q4_effort,960,0,1,1,1,90,4.251,,24,119.968232394,emfc_subjectives,2019_May_15_1847,,
95,q5_succsses,960,0,2,2,2,90,3.775,,24,119.968232394,emfc_subjectives,2019_May_15_1847,,
91,q6_accurate,960,0,3,3,3,95,5.275,,24,119.968232394,emfc_subjectives,2019_May_15_1847,,
92,q7_quick,960,0,4,4,4,95,3.626,,24,119.968232394,emfc_subjectives,2019_May_15_1847,,
90,q8_want_random,960,0,5,5,5,100,4.142,,24,119.968232394,emfc_subjectives,2019_May_15_1847,,
107,q9_urge,960,0,6,6,6,90,4.782,,24,119.968232394,emfc_subjectives,2019_May_15_1847,,
63,q3_control,960,0,0,0,0,75,15.108,,25,119.925070804,emfc_subjectives,2019_May_15_1901,,
90,q4_effort,960,0,1,1,1,85,5.145,,25,119.925070804,emfc_subjectives,2019_May_15_1901,,
95,q5_succsses,960,0,2,2,2,100,4.978,,25,119.925070804,emfc_subjectives,2019_May_15_1901,,
91,q6_accurate,960,0,3,3,3,100,8.387,,25,119.925070804,emfc_subjectives,2019_May_15_1901,,
92,q7_quick,960,0,4,4,4,84,5.029,,25,119.925070804,emfc_subjectives,2019_May_15_1901,,
90,q8_want_random,960,0,5,5,5,68,7.071,,25,119.925070804,emfc_subjectives,2019_May_15_1901,,
107,q9_urge,960,0,6,6,6,86,8.419,,25,119.925070804,emfc_subjectives,2019_May_15_1901,,
63,q3_control,960,0,0,0,0,25,6.899,,26,119.984066113,emfc_subjectives,2019_May_16_1530,,
90,q4_effort,960,0,1,1,1,50,6.242,,26,119.984066113,emfc_subjectives,2019_May_16_1530,,
95,q5_succsses,960,0,2,2,2,60,6.995,,26,119.984066113,emfc_subjectives,2019_May_16_1530,,
91,q6_accurate,960,0,3,3,3,40,5.876,,26,119.984066113,emfc_subjectives,2019_May_16_1530,,
92,q7_quick,960,0,4,4,4,75,8.952,,26,119.984066113,emfc_subjectives,2019_May_16_1530,,
90,q8_want_random,960,0,5,5,5,80,5.126,,26,119.984066113,emfc_subjectives,2019_May_16_1530,,
107,q9_urge,960,0,6,6,6,30,7.566,,26,119.984066113,emfc_subjectives,2019_May_16_1530,,
63,q3_control,960,0,0,0,0,12,11.992,,27,119.967368893,emfc_subjectives,2019_May_19_1036,,
90,q4_effort,960,0,1,1,1,30,6.026,,27,119.967368893,emfc_subjectives,2019_May_19_1036,,
95,q5_succsses,960,0,2,2,2,22,6.623,,27,119.967368893,emfc_subjectives,2019_May_19_1036,,
91,q6_accurate,960,0,3,3,3,52,5.125,,27,119.967368893,emfc_subjectives,2019_May_19_1036,,
92,q7_quick,960,0,4,4,4,55,3.772,,27,119.967368893,emfc_subjectives,2019_May_19_1036,,
90,q8_want_random,960,0,5,5,5,63,9.093,,27,119.967368893,emfc_subjectives,2019_May_19_1036,,
107,q9_urge,960,0,6,6,6,63,6.041,,27,119.967368893,emfc_subjectives,2019_May_19_1036,,
63,q3_control,960,0,0,0,0,90,19.248,,28,119.99673612,emfc_subjectives,2019_May_19_1405,,
90,q4_effort,960,0,1,1,1,80,8.426,,28,119.99673612,emfc_subjectives,2019_May_19_1405,,
95,q5_succsses,960,0,2,2,2,75,6.714,,28,119.99673612,emfc_subjectives,2019_May_19_1405,,
91,q6_accurate,960,0,3,3,3,75,4.182,,28,119.99673612,emfc_subjectives,2019_May_19_1405,,
92,q7_quick,960,0,4,4,4,75,4.109,,28,119.99673612,emfc_subjectives,2019_May_19_1405,,
90,q8_want_random,960,0,5,5,5,100,4.21,,28,119.99673612,emfc_subjectives,2019_May_19_1405,,
107,q9_urge,960,0,6,6,6,100,4.418,,28,119.99673612,emfc_subjectives,2019_May_19_1405,,
63,q3_control,960,0,0,0,0,56,8.91,,29,119.960604945,emfc_subjectives,2019_May_19_1744,,
90,q4_effort,960,0,1,1,1,100,2.594,,29,119.960604945,emfc_subjectives,2019_May_19_1744,,
95,q5_succsses,960,0,2,2,2,100,1.976,,29,119.960604945,emfc_subjectives,2019_May_19_1744,,
91,q6_accurate,960,0,3,3,3,100,2.343,,29,119.960604945,emfc_subjectives,2019_May_19_1744,,
92,q7_quick,960,0,4,4,4,100,3.001,,29,119.960604945,emfc_subjectives,2019_May_19_1744,,
90,q8_want_random,960,0,5,5,5,100,3.194,,29,119.960604945,emfc_subjectives,2019_May_19_1744,,
107,q9_urge,960,0,6,6,6,1,4.284,,29,119.960604945,emfc_subjectives,2019_May_19_1744,,
63,q3_control,960,0,0,0,0,32,32.882,,30,119.983778209,emfc_subjectives,2019_May_20_1216,,
90,q4_effort,960,0,1,1,1,72,11.537,,30,119.983778209,emfc_subjectives,2019_May_20_1216,,
95,q5_succsses,960,0,2,2,2,74,3.984,,30,119.983778209,emfc_subjectives,2019_May_20_1216,,
91,q6_accurate,960,0,3,3,3,85,4.744,,30,119.983778209,emfc_subjectives,2019_May_20_1216,,
92,q7_quick,960,0,4,4,4,94,3.319,,30,119.983778209,emfc_subjectives,2019_May_20_1216,,
90,q8_want_random,960,0,5,5,5,98,4.953,,30,119.983778209,emfc_subjectives,2019_May_20_1216,,
107,q9_urge,960,0,6,6,6,87,5.094,,30,119.983778209,emfc_subjectives,2019_May_20_1216,,
63,q3_control,960,0,0,0,0,57,14.544,,31,119.860530285,emfc_subjectives,2019_May_20_1217,,
90,q4_effort,960,0,1,1,1,97,4.903,,31,119.860530285,emfc_subjectives,2019_May_20_1217,,
95,q5_succsses,960,0,2,2,2,97,5.143,,31,119.860530285,emfc_subjectives,2019_May_20_1217,,
91,q6_accurate,960,0,3,3,3,100,6.352,,31,119.860530285,emfc_subjectives,2019_May_20_1217,,
92,q7_quick,960,0,4,4,4,99,3.944,,31,119.860530285,emfc_subjectives,2019_May_20_1217,,
90,q8_want_random,960,0,5,5,5,100,3.918,,31,119.860530285,emfc_subjectives,2019_May_20_1217,,
107,q9_urge,960,0,6,6,6,87,6.1,,31,119.860530285,emfc_subjectives,2019_May_20_1217,,
63,q3_control,960,0,0,0,0,14,11.405,,32,119.973413913,emfc_subjectives,2019_May_20_1259,,
90,q4_effort,960,0,1,1,1,40,5.946,,32,119.973413913,emfc_subjectives,2019_May_20_1259,,
95,q5_succsses,960,0,2,2,2,18,2.468,,32,119.973413913,emfc_subjectives,2019_May_20_1259,,
91,q6_accurate,960,0,3,3,3,62,5.629,,32,119.973413913,emfc_subjectives,2019_May_20_1259,,
92,q7_quick,960,0,4,4,4,70,2.528,,32,119.973413913,emfc_subjectives,2019_May_20_1259,,
90,q8_want_random,960,0,5,5,5,94,3.504,,32,119.973413913,emfc_subjectives,2019_May_20_1259,,
107,q9_urge,960,0,6,6,6,65,4.527,,32,119.973413913,emfc_subjectives,2019_May_20_1259,,
63,q3_control,960,0,0,0,0,62,10.565,,33,119.900195044,emfc_subjectives,2019_May_20_1344,,
90,q4_effort,960,0,1,1,1,82,6.845,,33,119.900195044,emfc_subjectives,2019_May_20_1344,,
95,q5_succsses,960,0,2,2,2,92,4.116,,33,119.900195044,emfc_subjectives,2019_May_20_1344,,
91,q6_accurate,960,0,3,3,3,70,3.993,,33,119.900195044,emfc_subjectives,2019_May_20_1344,,
92,q7_quick,960,0,4,4,4,65,9.312,,33,119.900195044,emfc_subjectives,2019_May_20_1344,,
90,q8_want_random,960,0,5,5,5,97,5.445,,33,119.900195044,emfc_subjectives,2019_May_20_1344,,
107,q9_urge,960,0,6,6,6,87,6.218,,33,119.900195044,emfc_subjectives,2019_May_20_1344,,
63,q3_control,960,0,0,0,0,17,6.21,,34,119.91500424,emfc_subjectives,2019_May_20_1353,,
90,q4_effort,960,0,1,1,1,66,4.383,,34,119.91500424,emfc_subjectives,2019_May_20_1353,,
95,q5_succsses,960,0,2,2,2,85,4.943,,34,119.91500424,emfc_subjectives,2019_May_20_1353,,
91,q6_accurate,960,0,3,3,3,50,5.151,,34,119.91500424,emfc_subjectives,2019_May_20_1353,,
92,q7_quick,960,0,4,4,4,60,9.044,,34,119.91500424,emfc_subjectives,2019_May_20_1353,,
90,q8_want_random,960,0,5,5,5,100,7.218,,34,119.91500424,emfc_subjectives,2019_May_20_1353,,
107,q9_urge,960,0,6,6,6,70,5.783,,34,119.91500424,emfc_subjectives,2019_May_20_1353,,
63,q3_control,960,0,0,0,0,38,11.352,,35,119.875760709,emfc_subjectives,2019_May_20_1407,,
90,q4_effort,960,0,1,1,1,40,9.187,,35,119.875760709,emfc_subjectives,2019_May_20_1407,,
95,q5_succsses,960,0,2,2,2,50,6.16,,35,119.875760709,emfc_subjectives,2019_May_20_1407,,
91,q6_accurate,960,0,3,3,3,60,10.895,,35,119.875760709,emfc_subjectives,2019_May_20_1407,,
92,q7_quick,960,0,4,4,4,55,4.686,,35,119.875760709,emfc_subjectives,2019_May_20_1407,,
90,q8_want_random,960,0,5,5,5,87,4.986,,35,119.875760709,emfc_subjectives,2019_May_20_1407,,
107,q9_urge,960,0,6,6,6,40,6.267,,35,119.875760709,emfc_subjectives,2019_May_20_1407,,
63,q3_control,960,0,0,0,0,84,19.613,,36,119.995152131,emfc_subjectives,2019_May_20_1635,,
90,q4_effort,960,0,1,1,1,100,7.702,,36,119.995152131,emfc_subjectives,2019_May_20_1635,,
95,q5_succsses,960,0,2,2,2,100,6.494,,36,119.995152131,emfc_subjectives,2019_May_20_1635,,
91,q6_accurate,960,0,3,3,3,100,6.453,,36,119.995152131,emfc_subjectives,2019_May_20_1635,,
92,q7_quick,960,0,4,4,4,100,6.779,,36,119.995152131,emfc_subjectives,2019_May_20_1635,,
90,q8_want_random,960,0,5,5,5,100,10.988,,36,119.995152131,emfc_subjectives,2019_May_20_1635,,
107,q9_urge,960,0,6,6,6,84,9.152,,36,119.995152131,emfc_subjectives,2019_May_20_1635,,
63,q3_control,960,0,0,0,0,90,10.252,,37,120.061423445,emfc_subjectives,2019_May_21_1218,,
90,q4_effort,960,0,1,1,1,10,8.627,,37,120.061423445,emfc_subjectives,2019_May_21_1218,,
95,q5_succsses,960,0,2,2,2,80,7.051,,37,120.061423445,emfc_subjectives,2019_May_21_1218,,
91,q6_accurate,960,0,3,3,3,70,12.685,,37,120.061423445,emfc_subjectives,2019_May_21_1218,,
92,q7_quick,960,0,4,4,4,90,4.426,,37,120.061423445,emfc_subjectives,2019_May_21_1218,,
90,q8_want_random,960,0,5,5,5,90,10.452,,37,120.061423445,emfc_subjectives,2019_May_21_1218,,
107,q9_urge,960,0,6,6,6,1,6.267,,37,120.061423445,emfc_subjectives,2019_May_21_1218,,
63,q3_control,960,0,0,0,0,65,11.159,,38,120.002352036,emfc_subjectives,2019_May_22_1056,,
90,q4_effort,960,0,1,1,1,95,18.139,,38,120.002352036,emfc_subjectives,2019_May_22_1056,,
95,q5_succsses,960,0,2,2,2,86,6.811,,38,120.002352036,emfc_subjectives,2019_May_22_1056,,
91,q6_accurate,960,0,3,3,3,87,35.64,,38,120.002352036,emfc_subjectives,2019_May_22_1056,,
92,q7_quick,960,0,4,4,4,99,5.261,,38,120.002352036,emfc_subjectives,2019_May_22_1056,,
90,q8_want_random,960,0,5,5,5,99,4.094,,38,120.002352036,emfc_subjectives,2019_May_22_1056,,
107,q9_urge,960,0,6,6,6,99,4.284,,38,120.002352036,emfc_subjectives,2019_May_22_1056,,
63,q3_control,960,0,0,0,0,81,17.254,,39,119.894444936,emfc_subjectives,2019_May_22_1101,,
90,q4_effort,960,0,1,1,1,53,16.755,,39,119.894444936,emfc_subjectives,2019_May_22_1101,,
95,q5_succsses,960,0,2,2,2,90,11.519,,39,119.894444936,emfc_subjectives,2019_May_22_1101,,
91,q6_accurate,960,0,3,3,3,100,3.985,,39,119.894444936,emfc_subjectives,2019_May_22_1101,,
92,q7_quick,960,0,4,4,4,100,3.286,,39,119.894444936,emfc_subjectives,2019_May_22_1101,,
90,q8_want_random,960,0,5,5,5,98,9.387,,39,119.894444936,emfc_subjectives,2019_May_22_1101,,
107,q9_urge,960,0,6,6,6,100,8.035,,39,119.894444936,emfc_subjectives,2019_May_22_1101,,
63,q3_control,960,0,0,0,0,80,10.261,,40,119.936002137,emfc_subjectives,2019_May_22_1216,,
90,q4_effort,960,0,1,1,1,25,4.203,,40,119.936002137,emfc_subjectives,2019_May_22_1216,,
95,q5_succsses,960,0,2,2,2,83,2.935,,40,119.936002137,emfc_subjectives,2019_May_22_1216,,
91,q6_accurate,960,0,3,3,3,96,2.585,,40,119.936002137,emfc_subjectives,2019_May_22_1216,,
92,q7_quick,960,0,4,4,4,96,2.978,,40,119.936002137,emfc_subjectives,2019_May_22_1216,,
90,q8_want_random,960,0,5,5,5,96,3.803,,40,119.936002137,emfc_subjectives,2019_May_22_1216,,
107,q9_urge,960,0,6,6,6,96,4.726,,40,119.936002137,emfc_subjectives,2019_May_22_1216,,
63,q3_control,960,0,0,0,0,90,16.781,,41,119.967368872,emfc_subjectives,2019_May_23_1756,,
90,q4_effort,960,0,1,1,1,3,9.988,,41,119.967368872,emfc_subjectives,2019_May_23_1756,,
95,q5_succsses,960,0,2,2,2,3,5.601,,41,119.967368872,emfc_subjectives,2019_May_23_1756,,
91,q6_accurate,960,0,3,3,3,4,3.002,,41,119.967368872,emfc_subjectives,2019_May_23_1756,,
92,q7_quick,960,0,4,4,4,40,6.011,,41,119.967368872,emfc_subjectives,2019_May_23_1756,,
90,q8_want_random,960,0,5,5,5,59,3.945,,41,119.967368872,emfc_subjectives,2019_May_23_1756,,
107,q9_urge,960,0,6,6,6,3,4.56,,41,119.967368872,emfc_subjectives,2019_May_23_1756,,
63,q3_control,960,0,0,0,0,15,7.672,,42,119.993280381,emfc_subjectives,2019_May_27_1040,,
90,q4_effort,960,0,1,1,1,77,5.578,,42,119.993280381,emfc_subjectives,2019_May_27_1040,,
95,q5_succsses,960,0,2,2,2,84,4.485,,42,119.993280381,emfc_subjectives,2019_May_27_1040,,
91,q6_accurate,960,0,3,3,3,81,5.627,,42,119.993280381,emfc_subjectives,2019_May_27_1040,,
92,q7_quick,960,0,4,4,4,85,2.503,,42,119.993280381,emfc_subjectives,2019_May_27_1040,,
90,q8_want_random,960,0,5,5,5,90,14.108,,42,119.993280381,emfc_subjectives,2019_May_27_1040,,
107,q9_urge,960,0,6,6,6,98,3.882,,42,119.993280381,emfc_subjectives,2019_May_27_1040,,
63,q3_control,960,0,0,0,0,12,15.026,,43,120.014449738,emfc_subjectives,2019_May_27_1108,,
90,q4_effort,960,0,1,1,1,49,2.903,,43,120.014449738,emfc_subjectives,2019_May_27_1108,,
95,q5_succsses,960,0,2,2,2,56,2.534,,43,120.014449738,emfc_subjectives,2019_May_27_1108,,
91,q6_accurate,960,0,3,3,3,80,2.052,,43,120.014449738,emfc_subjectives,2019_May_27_1108,,
92,q7_quick,960,0,4,4,4,81,1.987,,43,120.014449738,emfc_subjectives,2019_May_27_1108,,
90,q8_want_random,960,0,5,5,5,100,5.104,,43,120.014449738,emfc_subjectives,2019_May_27_1108,,
107,q9_urge,960,0,6,6,6,89,4.035,,43,120.014449738,emfc_subjectives,2019_May_27_1108,,
63,q3_control,960,0,0,0,0,60,31.81,,44,119.977588156,emfc_subjectives,2019_May_27_1253,,
90,q4_effort,960,0,1,1,1,44,4.778,,44,119.977588156,emfc_subjectives,2019_May_27_1253,,
95,q5_succsses,960,0,2,2,2,78,3.11,,44,119.977588156,emfc_subjectives,2019_May_27_1253,,
91,q6_accurate,960,0,3,3,3,83,2.277,,44,119.977588156,emfc_subjectives,2019_May_27_1253,,
92,q7_quick,960,0,4,4,4,79,1.645,,44,119.977588156,emfc_subjectives,2019_May_27_1253,,
90,q8_want_random,960,0,5,5,5,59,6.737,,44,119.977588156,emfc_subjectives,2019_May_27_1253,,
107,q9_urge,960,0,6,6,6,74,7.344,,44,119.977588156,emfc_subjectives,2019_May_27_1253,,
63,q3_control,960,0,0,0,0,32,21.413,,45,120.02899901,emfc_subjectives,2019_May_27_1256,,
90,q4_effort,960,0,1,1,1,64,10.896,,45,120.02899901,emfc_subjectives,2019_May_27_1256,,
95,q5_succsses,960,0,2,2,2,81,6.177,,45,120.02899901,emfc_subjectives,2019_May_27_1256,,
91,q6_accurate,960,0,3,3,3,77,4.31,,45,120.02899901,emfc_subjectives,2019_May_27_1256,,
92,q7_quick,960,0,4,4,4,80,8.036,,45,120.02899901,emfc_subjectives,2019_May_27_1256,,
90,q8_want_random,960,0,5,5,5,75,6.828,,45,120.02899901,emfc_subjectives,2019_May_27_1256,,
107,q9_urge,960,0,6,6,6,70,10.227,,45,120.02899901,emfc_subjectives,2019_May_27_1256,,
63,q3_control,960,0,0,0,0,92,7.537,,46,120.040237431,emfc_subjectives,2019_May_27_1701,,
90,q4_effort,960,0,1,1,1,55,19.59,,46,120.040237431,emfc_subjectives,2019_May_27_1701,,
95,q5_succsses,960,0,2,2,2,31,9.053,,46,120.040237431,emfc_subjectives,2019_May_27_1701,,
91,q6_accurate,960,0,3,3,3,52,6.729,,46,120.040237431,emfc_subjectives,2019_May_27_1701,,
92,q7_quick,960,0,4,4,4,41,4.929,,46,120.040237431,emfc_subjectives,2019_May_27_1701,,
90,q8_want_random,960,0,5,5,5,84,5.004,,46,120.040237431,emfc_subjectives,2019_May_27_1701,,
107,q9_urge,960,0,6,6,6,70,4.644,,46,120.040237431,emfc_subjectives,2019_May_27_1701,,
63,q3_control,960,0,0,0,0,85,16.936,,47,120.042831329,emfc_subjectives,2019_May_30_1726,,
90,q4_effort,960,0,1,1,1,93,10.137,,47,120.042831329,emfc_subjectives,2019_May_30_1726,,
95,q5_succsses,960,0,2,2,2,79,9.461,,47,120.042831329,emfc_subjectives,2019_May_30_1726,,
91,q6_accurate,960,0,3,3,3,100,5.602,,47,120.042831329,emfc_subjectives,2019_May_30_1726,,
92,q7_quick,960,0,4,4,4,81,7.654,,47,120.042831329,emfc_subjectives,2019_May_30_1726,,
90,q8_want_random,960,0,5,5,5,75,28.72,,47,120.042831329,emfc_subjectives,2019_May_30_1726,,
107,q9_urge,960,0,6,6,6,85,72.043,,47,120.042831329,emfc_subjectives,2019_May_30_1726,,
