limit_chars,allowed_keys,que,img,ques.thisRepN,ques.thisTrialN,ques.thisN,ques.thisIndex,resp,date,frameRate,expName,participant,Unnamed: 13
"[0, 0]",['return'],intro,1,0,0,0,0,,2019_Jul_07_1158,120.033465389,demog_exp,55,
"[1, 140]",[],debrief,2,0,1,1,1,בשק קודבל,2019_Jul_07_1158,120.033465389,demog_exp,55,
"[1, 140]",[],feedbackRegularity,3,0,2,2,2,ןייסנל החלצה תשוחת םינתונ םה םאה קודבל ידכ םה םיבוהבההש יתבשח ךא תויתואה ףצר תניחבמ תויקוח התיהו ןכתיי הלוע הזכ וישכע,2019_Jul_07_1158,120.033465389,demog_exp,55,
"[1, 140]",[],specifyRegularity,4,0,3,3,3,םיוסמ יארקא ףצרש ןכתי,2019_Jul_07_1158,120.033465389,demog_exp,55,
"[1, 140]",[],addSomething,5,0,4,4,4,הובג ןויצ ןמסל הכירצ יתייהו םיבוהבהל םורגל יתיסינ לעופבשכ ךומנ ןויצ יתנמיסו םיבוהבהה לש הלאשה תא ןוכנ יתנבה אל,2019_Jul_07_1158,120.033465389,demog_exp,55,
"[0, 0]",['return'],intro,1,0,0,0,0,,2019_Jul_08_1819,119.966361567,demog_exp,56,
"[1, 140]",[],debrief,2,0,1,1,1,קוידו הבוגת תוריהמ לע םיעיפשמ םייפסכ םיצירמת ןתמ יא םאה קודבל,2019_Jul_08_1819,119.966361567,demog_exp,56,
"[1, 140]",[],feedbackRegularity,3,0,2,2,2,אל,2019_Jul_08_1819,119.966361567,demog_exp,56,
"[1, 140]",[],specifyRegularity,4,0,3,3,3,אל יתינע,2019_Jul_08_1819,119.966361567,demog_exp,56,
"[1, 140]",[],addSomething,5,0,4,4,4,אל,2019_Jul_08_1819,119.966361567,demog_exp,56,
"[0, 0]",['return'],intro,1,0,0,0,0,,2019_Jul_15_1425,119.91931831,demog_exp,59,
"[1, 140]",[],debrief,2,0,1,1,1,הציחל רדסו תוגהנתהה יסופד תא ןוחבל  ,2019_Jul_15_1425,119.91931831,demog_exp,59,
"[1, 140]",[],feedbackRegularity,3,0,2,2,2,הב ןיחבהל יתיסינש תורמל תמיוסמ תויקוח יתיהיז אל,2019_Jul_15_1425,119.91931831,demog_exp,59,
"[1, 140]",[],specifyRegularity,4,0,3,3,3, תאזכ יתיהיז אל,2019_Jul_15_1425,119.91931831,demog_exp,59,
"[1, 140]",[],addSomething,5,0,4,4,4, אל,2019_Jul_15_1425,119.91931831,demog_exp,59,
"[0, 0]",['return'],intro,1,0,0,0,0,,2019_Jul_15_1425,119.963339232,demog_exp,57,
"[1, 140]",[],debrief,2,0,1,1,1, ,2019_Jul_15_1425,119.963339232,demog_exp,57,
"[1, 140]",[],feedbackRegularity,3,0,2,2,2,עדוי אל,2019_Jul_15_1425,119.963339232,demog_exp,57,
"[1, 140]",[],specifyRegularity,4,0,3,3,3,עדוי אל,2019_Jul_15_1425,119.963339232,demog_exp,57,
"[1, 140]",[],addSomething,5,0,4,4,4,אל,2019_Jul_15_1425,119.963339232,demog_exp,57,
"[0, 0]",['return'],intro,1,0,0,0,0,,2019_Jul_15_1426,119.954417365,demog_exp,58,
"[1, 140]",[],debrief,2,0,1,1,1,תולועפ רפסמ רחאל םהלש זוכירה תא קודבל ףסונבו .עודי או ינוטונומ ןמז קרפב םדאה ינב לש היצנגוקה תא קודבל,2019_Jul_15_1426,119.954417365,demog_exp,58,
"[1, 140]",[],feedbackRegularity,3,0,2,2,2,התוא ןיבהל הסנמ ןיידע ינא יכ םא תויקוח הנשי יתעדל,2019_Jul_15_1426,119.954417365,demog_exp,58,
"[1, 140]",[],specifyRegularity,4,0,3,3,3,ןיידע התוא ןיבהל הסנמ ינא ךא תויקוח התייה יתעדל יכ םדוק יתבתכ,2019_Jul_15_1426,119.954417365,demog_exp,58,
"[1, 140]",[],addSomething,5,0,4,4,4,הדות .אל,2019_Jul_15_1426,119.954417365,demog_exp,58,
"[0, 0]",['return'],intro,1,0,0,0,0,,2019_Jul_15_1617,119.960748851,demog_exp,60,
"[1, 140]",[],debrief,2,0,1,1,1,עיפוהל םהל םורגל ידכ השוע המו םיקזבהה לע הטילש שיגרמ ינא םא קודבל,2019_Jul_15_1617,119.960748851,demog_exp,60,
"[1, 140]",[],feedbackRegularity,3,0,2,2,2,תויקוח התייהש בשוח אל ינא,2019_Jul_15_1617,119.960748851,demog_exp,60,
"[1, 140]",[],specifyRegularity,4,0,3,3,3,םיקיזבמ ויה עבראש םימעפ ויה,2019_Jul_15_1617,119.960748851,demog_exp,60,
"[1, 140]",[],addSomething,5,0,4,4,4,אל,2019_Jul_15_1617,119.960748851,demog_exp,60,
"[0, 0]",['return'],intro,1,0,0,0,0,,2019_Jul_15_1725,119.993280381,demog_exp,61,
"[1, 140]",[],debrief,2,0,1,1,1,רחא והשמ עיפוהו דחא והשמל לגרתהש ןוויכמ לבלבתי האבה םעפבו ותוא הזחי אוה והשמל לגרתמ קדבנהשכ םאה םיקדוב יתעדל,2019_Jul_15_1725,119.993280381,demog_exp,61,
"[1, 140]",[],feedbackRegularity,3,0,2,2,2,ףצרב ובכ זאו ףצרב םימעפ לש עובק רפסמ וקלד םה בוהצ שלושמ לכ ירחא רשאכ שארמ עובקש ןפואב אלא ןחבנהמ טלקל רשק אלל םעבצ תא וניש םה יתעדל,2019_Jul_15_1725,119.993280381,demog_exp,61,
"[1, 140]",[],specifyRegularity,4,0,3,3,3,אבה בוהצה שלושמל דע םימעפ לש עובק רפסמ םיובכ ויה זאו םימעפ לש עובק רפסמ ףצרב וקלד םה בוהצ שלושמ לכ ירחא,2019_Jul_15_1725,119.993280381,demog_exp,61,
"[1, 140]",[],addSomething,5,0,4,4,4,יוסינב החלצהבו אל,2019_Jul_15_1725,119.993280381,demog_exp,61,
"[0, 0]",['return'],intro,1,0,0,0,0,,2019_Jul_16_1316,119.921475378,demog_exp,62,
"[1, 140]",[],debrief,2,0,1,1,1,םייוניש לומ תודדומתהו ךשמתמ בשק הבוגת תוריהמ קודבל,2019_Jul_16_1316,119.921475378,demog_exp,62,
"[1, 140]",[],feedbackRegularity,3,0,2,2,2,אל,2019_Jul_16_1316,119.921475378,demog_exp,62,
"[1, 140]",[],specifyRegularity,4,0,3,3,3,.,2019_Jul_16_1316,119.921475378,demog_exp,62,
"[1, 140]",[],addSomething,5,0,4,4,4,אל,2019_Jul_16_1316,119.921475378,demog_exp,62,
"[0, 0]",['return'],intro,1,0,0,0,0,,2019_Jul_16_1421,119.914860443,demog_exp,63,
"[1, 140]",[],debrief,2,0,1,1,1, יארקא ןפואב לועפה ןיבל רדוסמ ותויהו חומה תוארוה ןיב סחיה תא קודבל,2019_Jul_16_1421,119.914860443,demog_exp,63,
"[1, 140]",[],feedbackRegularity,3,0,2,2,2,אל,2019_Jul_16_1421,119.914860443,demog_exp,63,
"[1, 140]",[],specifyRegularity,4,0,3,3,3,ןיא,2019_Jul_16_1421,119.914860443,demog_exp,63,
"[1, 140]",[],addSomething,5,0,4,4,4, השק תצק היה,2019_Jul_16_1421,119.914860443,demog_exp,63,
"[0, 0]",['return'],intro,1,0,0,0,0,,2019_Jul_16_1748,120.049604511,demog_exp,64,
"[1, 140]",[],debrief,2,0,1,1,1,שלושמל הנוכנ הבוגת לע העיפשת קזבהה תעפוה םא קודבל,2019_Jul_16_1748,120.049604511,demog_exp,64,
"[1, 140]",[],feedbackRegularity,3,0,2,2,2,תאזכ תחא אוצמל יתחלצה אל,2019_Jul_16_1748,120.049604511,demog_exp,64,
"[1, 140]",[],specifyRegularity,4,0,3,3,3,תויקוח יתיאר אל,2019_Jul_16_1748,120.049604511,demog_exp,64,
"[1, 140]",[],addSomething,5,0,4,4,4,אל,2019_Jul_16_1748,120.049604511,demog_exp,64,
"[0, 0]",['return'],intro,1,0,0,0,0,,2019_Jul_16_1844,120.018915013,demog_exp,65,
"[1, 140]",[],debrief,2,0,1,1,1,תעדוי אל,2019_Jul_16_1844,120.018915013,demog_exp,65,
"[1, 140]",[],feedbackRegularity,3,0,2,2,2,תעדוי אל םג,2019_Jul_16_1844,120.018915013,demog_exp,65,
"[1, 140]",[],specifyRegularity,4,0,3,3,3, ,2019_Jul_16_1844,120.018915013,demog_exp,65,
"[1, 140]",[],addSomething,5,0,4,4,4,אל,2019_Jul_16_1844,120.018915013,demog_exp,65,
"[0, 0]",['return'],intro,1,0,0,0,0,,2019_Jul_17_1354,119.94074921,demog_exp,66,
"[1, 140]",[],debrief,2,0,1,1,1,תעדוי אל,2019_Jul_17_1354,119.94074921,demog_exp,66,
"[1, 140]",[],feedbackRegularity,3,0,2,2,2,אל,2019_Jul_17_1354,119.94074921,demog_exp,66,
"[1, 140]",[],specifyRegularity,4,0,3,3,3,אל יתינע,2019_Jul_17_1354,119.94074921,demog_exp,66,
"[1, 140]",[],addSomething,5,0,4,4,4,אל,2019_Jul_17_1354,119.94074921,demog_exp,66,
"[0, 0]",['return'],intro,1,0,0,0,0,,2019_Jul_17_1544,119.978164031,demog_exp,67,
"[1, 140]",[],debrief,2,0,1,1,1,הבוגת תמצוע תקידב ,2019_Jul_17_1544,119.978164031,demog_exp,67,
"[1, 140]",[],feedbackRegularity,3,0,2,2,2,אל,2019_Jul_17_1544,119.978164031,demog_exp,67,
"[1, 140]",[],specifyRegularity,4,0,3,3,3,ץ,2019_Jul_17_1544,119.978164031,demog_exp,67,
"[1, 140]",[],addSomething,5,0,4,4,4,אל,2019_Jul_17_1544,119.978164031,demog_exp,67,
"[0, 0]",['return'],intro,1,0,0,0,0,,2019_Jul_21_1357,119.859811957,demog_exp,68,
"[1, 140]",[],debrief,2,0,1,1,1,וילע עיבשת םיקזפהש ילב תוילאמדנרב ביגהל לוכי ףתתשמה המכ דע,2019_Jul_21_1357,119.859811957,demog_exp,68,
"[1, 140]",[],feedbackRegularity,3,0,2,2,2, אל,2019_Jul_21_1357,119.859811957,demog_exp,68,
"[1, 140]",[],specifyRegularity,4,0,3,3,3, ,2019_Jul_21_1357,119.859811957,demog_exp,68,
"[1, 140]",[],addSomething,5,0,4,4,4,אל,2019_Jul_21_1357,119.859811957,demog_exp,68,
"[0, 0]",['return'],intro,1,0,0,0,0,,2019_Jul_22_1328,119.973269975,demog_exp,69,
"[1, 140]",[],debrief,2,0,1,1,1,םומעש לומ תולהנתה,2019_Jul_22_1328,119.973269975,demog_exp,69,
"[1, 140]",[],feedbackRegularity,3,0,2,2,2,ןכ,2019_Jul_22_1328,119.973269975,demog_exp,69,
"[1, 140]",[],specifyRegularity,4,0,3,3,3,תדלקמה לע הציחלה ךרוא יפל,2019_Jul_22_1328,119.973269975,demog_exp,69,
"[1, 140]",[],addSomething,5,0,4,4,4,אל,2019_Jul_22_1328,119.973269975,demog_exp,69,
"[0, 0]",['return'],intro,1,0,0,0,0,,2019_Jul_23_1253,119.951827328,demog_exp,70,
"[1, 140]",[],debrief,2,0,1,1,1,הנוש הבוגת םכירצמה םייוריג שי רשאכ תונריע תמר קודבל,2019_Jul_23_1253,119.951827328,demog_exp,70,
"[1, 140]",[],feedbackRegularity,3,0,2,2,2,יתנבה בטימך  ץחלנ שקמ הזיאל רושק היה אל הזו הצחילה תורמל ועבצ תא הניש אל לוגיעהש םימעפ רפסמ ורק .אלש יל הארנ לבאהז לע יתבשח,2019_Jul_23_1253,119.951827328,demog_exp,70,
"[1, 140]",[],specifyRegularity,4,0,3,3,3,וזכ התייה ןכא םא ןיבהל יתחלצה אל,2019_Jul_23_1253,119.951827328,demog_exp,70,
"[1, 140]",[],addSomething,5,0,4,4,4,אל,2019_Jul_23_1253,119.951827328,demog_exp,70,
"[0, 0]",['return'],intro,1,0,0,0,0,,2019_Jul_24_1109,120.036058827,demog_exp,71,
"[1, 140]",[],debrief,2,0,1,1,1,בשק תקידב,2019_Jul_24_1109,120.036058827,demog_exp,71,
"[1, 140]",[],feedbackRegularity,3,0,2,2,2,אל,2019_Jul_24_1109,120.036058827,demog_exp,71,
"[1, 140]",[],specifyRegularity,4,0,3,3,3,התיה אל,2019_Jul_24_1109,120.036058827,demog_exp,71,
"[1, 140]",[],addSomething,5,0,4,4,4, דיה קרפב םיבאכ יתשח יוסינה תיברמו דיה ףכ תא ןיעשהל םוקמ היה אל דחוימב החונ אל התיה הדובעה תדמע,2019_Jul_24_1109,120.036058827,demog_exp,71,
"[0, 0]",['return'],intro,1,0,0,0,0,,2019_Jul_24_1111,119.970966861,demog_exp,72,
"[1, 140]",[],debrief,2,0,1,1,1,שלושמב חוור לע צוחלל יתחלצה םאהו םימצע םיתחהל יתחלצה םאה אוהש לכ פצר לע יתרזח אל םא תוארל,2019_Jul_24_1111,119.970966861,demog_exp,72,
"[1, 140]",[],feedbackRegularity,3,0,2,2,2,ןבלל ךפה רודכה םיתחהל יתחלצהשכ,2019_Jul_24_1111,119.970966861,demog_exp,72,
"[1, 140]",[],specifyRegularity,4,0,3,3,3,התייה אל,2019_Jul_24_1111,119.970966861,demog_exp,72,
"[1, 140]",[],addSomething,5,0,4,4,4,דמחנ יוסינ,2019_Jul_24_1111,119.970966861,demog_exp,72,
"[0, 0]",['return'],intro,1,0,0,0,0,,2019_Jul_24_1208,120.012433103,demog_exp,73,
"[1, 140]",[],debrief,2,0,1,1,1,חומה לע םידצרמה םיקזבהה תעפשה ידי לע םייוסמ ןמז ךשמל זוכיר קודבל איה יוסינה תרטמ יתעדל,2019_Jul_24_1208,120.012433103,demog_exp,73,
"[1, 140]",[],feedbackRegularity,3,0,2,2,2, תונרעהו זוכירה תדימ תא קודבל ודעונ םיבוהצה םישלושמה ןכ,2019_Jul_24_1208,120.012433103,demog_exp,73,
"[1, 140]",[],specifyRegularity,4,0,3,3,3,םיבוהצ םישלושמ ועיפוה ךכ  םימודאה םילוגיעה תובקעב התלע הבוגתה תוריהמ רשאכ,2019_Jul_24_1208,120.012433103,demog_exp,73,
"[1, 140]",[],addSomething,5,0,4,4,4, םייניעה תא סרוה,2019_Jul_24_1208,120.012433103,demog_exp,73,
"[0, 0]",['return'],intro,1,0,0,0,0,,2019_Jul_24_1305,119.984066134,demog_exp,74,
"[1, 140]",[],debrief,2,0,1,1,1,יארקא ןפואב םתוא רוחבל קיספא ךכו ומרג ןכ םינצחל וליא בושחל ליחתאו םיקזבהל המרג הציחל לכ אלש ךכמ זגרתא ינא םא תוארל,2019_Jul_24_1305,119.984066134,demog_exp,74,
"[1, 140]",[],feedbackRegularity,3,0,2,2,2, אל,2019_Jul_24_1305,119.984066134,demog_exp,74,
"[1, 140]",[],specifyRegularity,4,0,3,3,3,תויקוח וצמל יתיסינ ןכ קחשמה ןמזבש תורמל יארקא ןפואב םתס יתעדל תויקוח התיייה אל,2019_Jul_24_1305,119.984066134,demog_exp,74,
"[1, 140]",[],addSomething,5,0,4,4,4, תנבצועמ יתשגרה,2019_Jul_24_1305,119.984066134,demog_exp,74,
"[0, 0]",['return'],intro,1,0,0,0,0,,2019_Jul_24_1505,119.927227995,demog_exp,75,
"[1, 140]",[],debrief,2,0,1,1,1,םתשיפתלו םינוש םיעבצל חומה יוריג תא קודבל,2019_Jul_24_1505,119.927227995,demog_exp,75,
"[1, 140]",[],feedbackRegularity,3,0,2,2,2,אל,2019_Jul_24_1505,119.927227995,demog_exp,75,
"[1, 140]",[],specifyRegularity,4,0,3,3,3,יארקא ןפואב השענ הז תויקוח התייהש תבשוח אל,2019_Jul_24_1505,119.927227995,demog_exp,75,
"[1, 140]",[],addSomething,5,0,4,4,4,דואמ דמחנ היה,2019_Jul_24_1505,119.927227995,demog_exp,75,
"[0, 0]",['return'],intro,1,0,0,0,0,,2019_Jul_24_1731,119.969095949,demog_exp,76,
"[1, 140]",[],debrief,2,0,1,1,1,זוכירו בשק תויעב,2019_Jul_24_1731,119.969095949,demog_exp,76,
"[1, 140]",[],feedbackRegularity,3,0,2,2,2,םעפ ידימ,2019_Jul_24_1731,119.969095949,demog_exp,76,
"[1, 140]",[],specifyRegularity,4,0,3,3,3,ב ליגרה םימעפה רפסמ תוחפ קזבה שיש םימעפה רפסמ,2019_Jul_24_1731,119.969095949,demog_exp,76,
"[1, 140]",[],addSomething,5,0,4,4,4,אל,2019_Jul_24_1731,119.969095949,demog_exp,76,
"[0, 0]",['return'],intro,1,0,0,0,0,,2019_Jul_24_1732,120.02222809,demog_exp,77,
"[1, 140]",[],debrief,2,0,1,1,1, תשחרתמש העפות יבגל חומב הלועפ סופד תריצי ןיבל הבוגת תוריהמ ןיב רשקל,2019_Jul_24_1732,120.02222809,demog_exp,77,
"[1, 140]",[],feedbackRegularity,3,0,2,2,2, תחא םעפמ ץוח קוחר היה שלושמה םינבל םיקזבה היהש ןכ,2019_Jul_24_1732,120.02222809,demog_exp,77,
"[1, 140]",[],specifyRegularity,4,0,3,3,3, םדוקב יתינע,2019_Jul_24_1732,120.02222809,demog_exp,77,
"[1, 140]",[],addSomething,5,0,4,4,4,אל,2019_Jul_24_1732,120.02222809,demog_exp,77,
"[0, 0]",['return'],intro,1,0,0,0,0,,2019_Jul_28_1118,119.973701788,demog_exp,78,
"[1, 140]",[],debrief,2,0,1,1,1,הטילש אלל םייוסמ סופד שי םאה תוארל .זוקיר,2019_Jul_28_1118,119.973701788,demog_exp,78,
"[1, 140]",[],feedbackRegularity,3,0,2,2,2,ילמודנר תויהל לוכי םג לבא .עבצ םינשמ םילוגיעה םיוסמ סופד לע תרזוח יתייה םא יתעדל,2019_Jul_28_1118,119.973701788,demog_exp,78,
"[1, 140]",[],specifyRegularity,4,0,3,3,3,גלגל וא דגלך לשמל .והשלכ סופד לע הרזח,2019_Jul_28_1118,119.973701788,demog_exp,78,
"[1, 140]",[],addSomething,5,0,4,4,4,אל,2019_Jul_28_1118,119.973701788,demog_exp,78,
"[0, 0]",['return'],intro,1,0,0,0,0,,2019_Jul_28_1345,119.96650532,demog_exp,79,
"[1, 140]",[],debrief,2,0,1,1,1,שוחינב תוזירז,2019_Jul_28_1345,119.96650532,demog_exp,79,
"[1, 140]",[],feedbackRegularity,3,0,2,2,2,ןכ,2019_Jul_28_1345,119.96650532,demog_exp,79,
"[1, 140]",[],specifyRegularity,4,0,3,3,3,םיבוביס המכ ירחא תילגנאב ק תואה לע התייה בורל,2019_Jul_28_1345,119.96650532,demog_exp,79,
"[1, 140]",[],addSomething,5,0,4,4,4, תניינימ רתוי הטישב רבד ותוא קדוב רחא יוסינ ילוא םמעשמ תצק יוסינה,2019_Jul_28_1345,119.96650532,demog_exp,79,
"[0, 0]",['return'],intro,1,0,0,0,0,,2019_Jul_28_1348,120.08910618,demog_exp,80,
"[1, 140]",[],debrief,2,0,1,1,1, הבוגתה תוריהמו זוכיר תקידבל,2019_Jul_28_1348,120.08910618,demog_exp,80,
"[1, 140]",[],feedbackRegularity,3,0,2,2,2, ןכ,2019_Jul_28_1348,120.08910618,demog_exp,80,
"[1, 140]",[],specifyRegularity,4,0,3,3,3, ינטנופס התא המכ דע,2019_Jul_28_1348,120.08910618,demog_exp,80,
"[1, 140]",[],addSomething,5,0,4,4,4,אל,2019_Jul_28_1348,120.08910618,demog_exp,80,
"[0, 0]",['return'],intro,1,0,0,0,0,,2019_Jul_31_1218,119.94074921,demog_exp,81,
"[1, 140]",[],debrief,2,0,1,1,1,פיעתמ חומה רשאכ הבוגת תוריהמ קודבל,2019_Jul_31_1218,119.94074921,demog_exp,81,
"[1, 140]",[],feedbackRegularity,3,0,2,2,2,יתנחבהש אל,2019_Jul_31_1218,119.94074921,demog_exp,81,
"[1, 140]",[],specifyRegularity,4,0,3,3,3,יתיהיז אל,2019_Jul_31_1218,119.94074921,demog_exp,81,
"[1, 140]",[],addSomething,5,0,4,4,4,אל,2019_Jul_31_1218,119.94074921,demog_exp,81,
"[0, 0]",['return'],intro,1,0,0,0,0,,2019_Jun_02_1147,119.934851451,demog_exp,48,
"[1, 140]",[],debrief,2,0,1,1,1,הרגשמ הגירח יוהיז ,2019_Jun_02_1147,119.934851451,demog_exp,48,
"[1, 140]",[],feedbackRegularity,3,0,2,2,2,אל,2019_Jun_02_1147,119.934851451,demog_exp,48,
"[1, 140]",[],specifyRegularity,4,0,3,3,3,אל,2019_Jun_02_1147,119.934851451,demog_exp,48,
"[1, 140]",[],addSomething,5,0,4,4,4,אל,2019_Jun_02_1147,119.934851451,demog_exp,48,
"[0, 0]",['return'],intro,1,0,0,0,0,,2019_Jun_04_1208,119.96650532,demog_exp,49,
"[1, 140]",[],debrief,2,0,1,1,1,ה'גנינ טורפ ינקחש לוספל תוטיש אוצמל,2019_Jun_04_1208,119.96650532,demog_exp,49,
"[1, 140]",[],feedbackRegularity,3,0,2,2,2,אל,2019_Jun_04_1208,119.96650532,demog_exp,49,
"[1, 140]",[],specifyRegularity,4,0,3,3,3,התייהש יתינע אל,2019_Jun_04_1208,119.96650532,demog_exp,49,
"[1, 140]",[],addSomething,5,0,4,4,4,אל,2019_Jun_04_1208,119.96650532,demog_exp,49,
"[0, 0]",['return'],intro,1,0,0,0,0,,2019_Jun_04_1350,119.967512941,demog_exp,50,
"[1, 140]",[],debrief,2,0,1,1,1,סייפס יטמוטוא רותפכ תמועל קוידה וא תוריהמה לע התעפשהו שדחמ םעפ לכ הטלחה תלבק קודבל איה הרטמהש תבשוח ינא זא יארקא ןפואב תויתוא רוחבל ושקיב,2019_Jun_04_1350,119.967512941,demog_exp,50,
"[1, 140]",[],feedbackRegularity,3,0,2,2,2,אל,2019_Jun_04_1350,119.967512941,demog_exp,50,
"[1, 140]",[],specifyRegularity,4,0,3,3,3,אל,2019_Jun_04_1350,119.967512941,demog_exp,50,
"[1, 140]",[],addSomething,5,0,4,4,4,אל,2019_Jun_04_1350,119.967512941,demog_exp,50,
"[0, 0]",['return'],intro,1,0,0,0,0,,2019_Jun_05_1639,120.009264716,demog_exp,51,
"[1, 140]",[],debrief,2,0,1,1,1,עדוי אל,2019_Jun_05_1639,120.009264716,demog_exp,51,
"[1, 140]",[],feedbackRegularity,3,0,2,2,2,יל הארנ  אל,2019_Jun_05_1639,120.009264716,demog_exp,51,
"[1, 140]",[],specifyRegularity,4,0,3,3,3,אל,2019_Jun_05_1639,120.009264716,demog_exp,51,
"[1, 140]",[],addSomething,5,0,4,4,4,אל,2019_Jun_05_1639,120.009264716,demog_exp,51,
"[0, 0]",['return'],intro,1,0,0,0,0,,2019_Jun_05_1650,119.973701788,demog_exp,53,
"[1, 140]",[],debrief,2,0,1,1,1,תעדוי אל,2019_Jun_05_1650,119.973701788,demog_exp,53,
"[1, 140]",[],feedbackRegularity,3,0,2,2,2,אל,2019_Jun_05_1650,119.973701788,demog_exp,53,
"[1, 140]",[],specifyRegularity,4,0,3,3,3,תעדוי אל,2019_Jun_05_1650,119.973701788,demog_exp,53,
"[1, 140]",[],addSomething,5,0,4,4,4,אל,2019_Jun_05_1650,119.973701788,demog_exp,53,
"[0, 0]",['return'],intro,1,0,0,0,0,,2019_Jun_06_1533,119.944921096,demog_exp,54,
"[1, 140]",[],debrief,2,0,1,1,1,עדומ יתלב ןפואב םיצחול היפלש תמייוסמ תויקוח הליחתמ םיוסמ ןמז רובעכ םאו תויארקא תוציחל לע רומשל םילוכי ןמז המכ קודבל,2019_Jun_06_1533,119.944921096,demog_exp,54,
"[1, 140]",[],feedbackRegularity,3,0,2,2,2,אל,2019_Jun_06_1533,119.944921096,demog_exp,54,
"[1, 140]",[],specifyRegularity,4,0,3,3,3,תויקוח התייהש תבזוח אל,2019_Jun_06_1533,119.944921096,demog_exp,54,
"[1, 140]",[],addSomething,5,0,4,4,4,אל,2019_Jun_06_1533,119.944921096,demog_exp,54,
"[0, 0]",['return'],intro,1,0,0,0,0,,2019_May_02_1343,119.856938729,demog_exp,1,
"[1, 140]",[],debrief,2,0,1,1,1,הטילש,2019_May_02_1343,119.856938729,demog_exp,1,
"[1, 140]",[],feedbackRegularity,3,0,2,2,2,אל,2019_May_02_1343,119.856938729,demog_exp,1,
"[1, 140]",[],specifyRegularity,4,0,3,3,3,תויקוח ןיא,2019_May_02_1343,119.856938729,demog_exp,1,
"[1, 140]",[],addSomething,5,0,4,4,4,הטילש ול היהתש תנמ לע םדא ןבל ןוצרו ףחד ןתונ דואמ יוסינ,2019_May_02_1343,119.856938729,demog_exp,1,
"[0, 0]",['return'],intro,1,0,0,0,0,,2019_May_02_1347,119.95341009,demog_exp,2,
"[1, 140]",[],debrief,2,0,1,1,1,ךשמתמ בשק תקידבל,2019_May_02_1347,119.95341009,demog_exp,2,
"[1, 140]",[],feedbackRegularity,3,0,2,2,2, תעבצ םינשמ םה זא שלושמל םיבורק םילוגיעהש לככש תבשוח חנא,2019_May_02_1347,119.95341009,demog_exp,2,
"[1, 140]",[],specifyRegularity,4,0,3,3,3, םעבצ תא םינשמ םה זא םישלושמל רתוי םיבורק םילוגיעהש לשככ,2019_May_02_1347,119.95341009,demog_exp,2,
"[1, 140]",[],addSomething,5,0,4,4,4,אל,2019_May_02_1347,119.95341009,demog_exp,2,
"[0, 0]",['return'],intro,1,0,0,0,0,,2019_May_05_1157,119.921475378,demog_exp,3,
"[1, 140]",[],debrief,2,0,1,1,1,םיקזבהה תא שי רשאכ הנתשמ הבוגת תוריהמה המכ דעו םיבוהצה םילושמה יוהיזב תונרעו היצביטומל תומרוג תומודאה תודוקנב םינבלה םיקזבהה המכ דע ,2019_May_05_1157,119.921475378,demog_exp,3,
"[1, 140]",[],feedbackRegularity,3,0,2,2,2,אל,2019_May_05_1157,119.921475378,demog_exp,3,
"[1, 140]",[],specifyRegularity,4,0,3,3,3,תמיוסמ תויקוחב יתנחבה אל,2019_May_05_1157,119.921475378,demog_exp,3,
"[1, 140]",[],addSomething,5,0,4,4,4,זוכירל םיעירפמש םיחודיקו הינב לש עקר ישער הברה שי,2019_May_05_1157,119.921475378,demog_exp,3,
"[0, 0]",['return'],intro,1,0,0,0,0,,2019_May_05_1446,119.948661973,demog_exp,4,
"[1, 140]",[],debrief,2,0,1,1,1,ןמז ךרואל המישמב זוכיר זוכירו בשק תערפה ןוחבל,2019_May_05_1446,119.948661973,demog_exp,4,
"[1, 140]",[],feedbackRegularity,3,0,2,2,2,ןויסינ היה הז ןמזה ראשו הטלקנ ילש הבושתה וקיזבה םילוגיעהש םעפ לכ ילוא,2019_May_05_1446,119.948661973,demog_exp,4,
"[1, 140]",[],specifyRegularity,4,0,3,3,3,ןומיא היה קר הז אלשכו הטלקנ ילש הבושתהש יתמ הז ובהבה םילוגיעהש יתמ ילוא,2019_May_05_1446,119.948661973,demog_exp,4,
"[1, 140]",[],addSomething,5,0,4,4,4,אך,2019_May_05_1446,119.948661973,demog_exp,4,
"[0, 0]",['return'],intro,1,0,0,0,0,,2019_May_06_1328,119.980179263,demog_exp,5,
"[1, 140]",[],debrief,2,0,1,1,1,זכרתהלו המישמב טולשל לגוסמ םדא ןב המכ דע תוארל יוסינה תרטמ יתעדל,2019_May_06_1328,119.980179263,demog_exp,5,
"[1, 140]",[],feedbackRegularity,3,0,2,2,2,ןכ,2019_May_06_1328,119.980179263,demog_exp,5,
"[1, 140]",[],specifyRegularity,4,0,3,3,3,קיודמב תעדוי אל,2019_May_06_1328,119.980179263,demog_exp,5,
"[1, 140]",[],addSomething,5,0,4,4,4,וב ףתתשהל םיענ היה,2019_May_06_1328,119.980179263,demog_exp,5,
"[0, 0]",['return'],intro,1,0,0,0,0,,2019_May_06_1701,119.933988326,demog_exp,7,
"[1, 140]",[],debrief,2,0,1,1,1,ץמאמ אלל תויארקא רצייל םישנא לש תלוכיה תא קודבל ,2019_May_06_1701,119.933988326,demog_exp,7,
"[1, 140]",[],feedbackRegularity,3,0,2,2,2,אל,2019_May_06_1701,119.933988326,demog_exp,7,
"[1, 140]",[],specifyRegularity,4,0,3,3,3,תויקוח יתיאר אל,2019_May_06_1701,119.933988326,demog_exp,7,
"[1, 140]",[],addSomething,5,0,4,4,4,ןיינעמ היה,2019_May_06_1701,119.933988326,demog_exp,7,
"[0, 0]",['return'],intro,1,0,0,0,0,,2019_May_07_1141,119.973845684,demog_exp,8,
"[1, 140]",[],debrief,2,0,1,1,1,קזבהה תעפוהל יביטינגוקה ףחדל האוושהב קדבנה יעוציב תא ןוחבל,2019_May_07_1141,119.973845684,demog_exp,8,
"[1, 140]",[],feedbackRegularity,3,0,2,2,2,םילוגיעב קזבהה תעפוהל הליבוהש תמיוסמ תויקוח התייה אל יתעד תוינעל,2019_May_07_1141,119.973845684,demog_exp,8,
"[1, 140]",[],specifyRegularity,4,0,3,3,3,יתעדל תויקוח התייה אל,2019_May_07_1141,119.973845684,demog_exp,8,
"[1, 140]",[],addSomething,5,0,4,4,4,אל,2019_May_07_1141,119.973845684,demog_exp,8,
"[0, 0]",['return'],intro,1,0,0,0,0,,2019_May_13_1112,119.914429138,demog_exp,9,
"[1, 140]",[],debrief,2,0,1,1,1,יטננימוד חומ דצ וא הבוגת תוריהמ קודבל,2019_May_13_1112,119.914429138,demog_exp,9,
"[1, 140]",[],feedbackRegularity,3,0,2,2,2,אל,2019_May_13_1112,119.914429138,demog_exp,9,
"[1, 140]",[],specifyRegularity,4,0,3,3,3,התיה אל,2019_May_13_1112,119.914429138,demog_exp,9,
"[1, 140]",[],addSomething,5,0,4,4,4,אל,2019_May_13_1112,119.914429138,demog_exp,9,
"[0, 0]",['return'],intro,1,0,0,0,0,,2019_May_13_1122,119.984066218,demog_exp,10,
"[1, 140]",[],debrief,2,0,1,1,1,קזבה שישכ םיביגמ ונא ךיאו הבוגתה תוריהמ תא קודבל ,2019_May_13_1122,119.984066218,demog_exp,10,
"[1, 140]",[],feedbackRegularity,3,0,2,2,2,קזבה היה אל דחאו קזבה היה דחי םישקמ יתש לע םיצחולשכ םימעפל,2019_May_13_1122,119.984066218,demog_exp,10,
"[1, 140]",[],specifyRegularity,4,0,3,3,3,העבראהמ םישקמ ינש לע הציחל שישכ קזבה,2019_May_13_1122,119.984066218,demog_exp,10,
"[1, 140]",[],addSomething,5,0,4,4,4,אל,2019_May_13_1122,119.984066218,demog_exp,10,
"[0, 0]",['return'],intro,1,0,0,0,0,,2019_May_13_1406,119.947079337,demog_exp,11,
"[1, 140]",[],debrief,2,0,1,1,1,תעדוי אל,2019_May_13_1406,119.947079337,demog_exp,11,
"[1, 140]",[],feedbackRegularity,3,0,2,2,2,אל,2019_May_13_1406,119.947079337,demog_exp,11,
"[1, 140]",[],specifyRegularity,4,0,3,3,3,תויקוח התייה אלש יתינע,2019_May_13_1406,119.947079337,demog_exp,11,
"[1, 140]",[],addSomething,5,0,4,4,4,אל,2019_May_13_1406,119.947079337,demog_exp,11,
"[0, 0]",['return'],intro,1,0,0,0,0,,2019_May_13_1410,119.993136396,demog_exp,12,
"[1, 140]",[],debrief,2,0,1,1,1,לוגיע תעפוהב ןכל םדוק השיקה דחי וזיאל םאתהב הבוגת תוריהמ קודבל ,2019_May_13_1410,119.993136396,demog_exp,12,
"[1, 140]",[],feedbackRegularity,3,0,2,2,2,אל,2019_May_13_1410,119.993136396,demog_exp,12,
"[1, 140]",[],specifyRegularity,4,0,3,3,3,התיהש בל יתמש אל,2019_May_13_1410,119.993136396,demog_exp,12,
"[1, 140]",[],addSomething,5,0,4,4,4,החלצהב,2019_May_13_1410,119.993136396,demog_exp,12,
"[0, 0]",['return'],intro,1,0,0,0,0,,2019_May_13_1413,120.097326832,demog_exp,13,
"[1, 140]",[],debrief,2,0,1,1,1,רשע לש הירסב דימת םהש ףא לע םיקזבהה לשב ומצע לע רוזחל ליחתמ יתלחתה יארקא סופד םאה רושיאה תייטה תאו םיסופד יוהיז יכילהת ןוחבל יוסינה תרטמ,2019_May_13_1413,120.097326832,demog_exp,13,
"[1, 140]",[],feedbackRegularity,3,0,2,2,2,שלושמ וא לוגיע הרוצב תולת ילב אל רשע םיקזבה רשע  ןכ,2019_May_13_1413,120.097326832,demog_exp,13,
"[1, 140]",[],specifyRegularity,4,0,3,3,3,ובהביה אל םהש ףא לע םישלושמה ללוכ אל רשע תובהבהמ תורוצ רשע,2019_May_13_1413,120.097326832,demog_exp,13,
"[1, 140]",[],addSomething,5,0,4,4,4,אל,2019_May_13_1413,120.097326832,demog_exp,13,
"[0, 0]",['return'],intro,1,0,0,0,0,,2019_May_13_1434,119.964490464,demog_exp,14,
"[1, 140]",[],debrief,2,0,1,1,1,הימונוטוא הטילש תשוחת קודבל,2019_May_13_1434,119.964490464,demog_exp,14,
"[1, 140]",[],feedbackRegularity,3,0,2,2,2,אל,2019_May_13_1434,119.964490464,demog_exp,14,
"[1, 140]",[],specifyRegularity,4,0,3,3,3,התייה אל,2019_May_13_1434,119.964490464,demog_exp,14,
"[1, 140]",[],addSomething,5,0,4,4,4,אל,2019_May_13_1434,119.964490464,demog_exp,14,
"[0, 0]",['return'],intro,1,0,0,0,0,,2019_May_14_1023,119.970103446,demog_exp,15,
"[1, 140]",[],debrief,2,0,1,1,1, הרובחתב רושקש והשמ יתעדל,2019_May_14_1023,119.970103446,demog_exp,15,
"[1, 140]",[],feedbackRegularity,3,0,2,2,2,יתנחבה אל,2019_May_14_1023,119.970103446,demog_exp,15,
"[1, 140]",[],specifyRegularity,4,0,3,3,3,ןיא,2019_May_14_1023,119.970103446,demog_exp,15,
"[1, 140]",[],addSomething,5,0,4,4,4,אל,2019_May_14_1023,119.970103446,demog_exp,15,
"[0, 0]",['return'],intro,1,0,0,0,0,,2019_May_14_1253,119.939022927,demog_exp,16,
"[1, 140]",[],debrief,2,0,1,1,1, שקמ ותוא לע בוש ץוחלל םורגת םישקמה לע הציחל ידי לע םימרגנש םיקזבה םאהו תונרע ןוחבל ,2019_May_14_1253,119.939022927,demog_exp,16,
"[1, 140]",[],feedbackRegularity,3,0,2,2,2,אל,2019_May_14_1253,119.939022927,demog_exp,16,
"[1, 140]",[],specifyRegularity,4,0,3,3,3,התייה אל,2019_May_14_1253,119.939022927,demog_exp,16,
"[1, 140]",[],addSomething,5,0,4,4,4,אל,2019_May_14_1253,119.939022927,demog_exp,16,
"[0, 0]",['return'],intro,1,0,0,0,0,,2019_May_14_1518,119.973701788,demog_exp,17,
"[1, 140]",[],debrief,2,0,1,1,1,בשק ןוחבל,2019_May_14_1518,119.973701788,demog_exp,17,
"[1, 140]",[],feedbackRegularity,3,0,2,2,2,רהמ יתבגה םא ןכ,2019_May_14_1518,119.973701788,demog_exp,17,
"[1, 140]",[],specifyRegularity,4,0,3,3,3,רהמ יתבגה םא,2019_May_14_1518,119.973701788,demog_exp,17,
"[1, 140]",[],addSomething,5,0,4,4,4,אל,2019_May_14_1518,119.973701788,demog_exp,17,
"[0, 0]",['return'],intro,1,0,0,0,0,,2019_May_14_1554,120.008688583,demog_exp,18,
"[1, 140]",[],debrief,2,0,1,1,1,תעדוי אל ,2019_May_14_1554,120.008688583,demog_exp,18,
"[1, 140]",[],feedbackRegularity,3,0,2,2,2,ןכ,2019_May_14_1554,120.008688583,demog_exp,18,
"[1, 140]",[],specifyRegularity,4,0,3,3,3,דו ג תויתואה לע הציל,2019_May_14_1554,120.008688583,demog_exp,18,
"[1, 140]",[],addSomething,5,0,4,4,4,אל,2019_May_14_1554,120.008688583,demog_exp,18,
"[0, 0]",['return'],intro,1,0,0,0,0,,2019_May_14_1757,119.928522615,demog_exp,19,
"[1, 140]",[],debrief,2,0,1,1,1,חומב תוריהמו תובוגתה לע דומלל,2019_May_14_1757,119.928522615,demog_exp,19,
"[1, 140]",[],feedbackRegularity,3,0,2,2,2,ותועטב לוכסת םדא ןבל םורגל תנמ לע יוסינהמ קלח היהש תבשוח ינא,2019_May_14_1757,119.928522615,demog_exp,19,
"[1, 140]",[],specifyRegularity,4,0,3,3,3,ולש עבצה תא הניש אל לוגעה םיימעפ לכש,2019_May_14_1757,119.928522615,demog_exp,19,
"[1, 140]",[],addSomething,5,0,4,4,4,אל,2019_May_14_1757,119.928522615,demog_exp,19,
"[0, 0]",['return'],intro,1,0,0,0,0,,2019_May_14_1820,119.95082018,demog_exp,20,
"[1, 140]",[],debrief,2,0,1,1,1,םדקומ ןונכת אלל לועפל הלוכי ינא םאה קודבל ,2019_May_14_1820,119.95082018,demog_exp,20,
"[1, 140]",[],feedbackRegularity,3,0,2,2,2,רבעב רדס ותוא יפל יתלעפ םא תויהל לוכי,2019_May_14_1820,119.95082018,demog_exp,20,
"[1, 140]",[],specifyRegularity,4,0,3,3,3,גשומ יל ןיא,2019_May_14_1820,119.95082018,demog_exp,20,
"[1, 140]",[],addSomething,5,0,4,4,4,אל,2019_May_14_1820,119.95082018,demog_exp,20,
"[0, 0]",['return'],intro,1,0,0,0,0,,2019_May_15_1257,120.031448367,demog_exp,21,
"[1, 140]",[],debrief,2,0,1,1,1, ,2019_May_15_1257,120.031448367,demog_exp,21,
"[1, 140]",[],feedbackRegularity,3,0,2,2,2,ס ק ד ל הזש יתשגרה םימעפל ןכ,2019_May_15_1257,120.031448367,demog_exp,21,
"[1, 140]",[],specifyRegularity,4,0,3,3,3,קלסדל םימעפלו קסדל םימעפל,2019_May_15_1257,120.031448367,demog_exp,21,
"[1, 140]",[],addSomething,5,0,4,4,4, שארב ווא ונעבקש רדסל הערפה וא זוכירמ האצוה איה שלושמהמ הרטמהש בשוח,2019_May_15_1257,120.031448367,demog_exp,21,
"[0, 0]",['return'],intro,1,0,0,0,0,,2019_May_15_1343,119.94635997,demog_exp,22,
"[1, 140]",[],debrief,2,0,1,1,1, ,2019_May_15_1343,119.94635997,demog_exp,22,
"[1, 140]",[],feedbackRegularity,3,0,2,2,2,אל,2019_May_15_1343,119.94635997,demog_exp,22,
"[1, 140]",[],specifyRegularity,4,0,3,3,3,ךכ ייניע אל,2019_May_15_1343,119.94635997,demog_exp,22,
"[1, 140]",[],addSomething,5,0,4,4,4,אל,2019_May_15_1343,119.94635997,demog_exp,22,
"[0, 0]",['return'],intro,1,0,0,0,0,,2019_May_15_1832,119.971542757,demog_exp,23,
"[1, 140]",[],debrief,2,0,1,1,1,שלושמל םישנא לש הבוגט קודבל,2019_May_15_1832,119.971542757,demog_exp,23,
"[1, 140]",[],feedbackRegularity,3,0,2,2,2,עקרב לעפש םטירוגלא הזיא היהש וא יארקא היה הזש ואש בשוח ינא,2019_May_15_1832,119.971542757,demog_exp,23,
"[1, 140]",[],specifyRegularity,4,0,3,3,3,שארמ רדגומ טוציחל רדס,2019_May_15_1832,119.971542757,demog_exp,23,
"[1, 140]",[],addSomething,5,0,4,4,4,ידמ רתוי יתששקיפ אלש הווקמ יוסינ הלחא הזמ צוח קיספה שקמב איה 'ת תואהש יתיליג וישכע המ םושמ,2019_May_15_1832,119.971542757,demog_exp,23,
"[0, 0]",['return'],intro,1,0,0,0,0,,2019_May_15_1847,119.971974557,demog_exp,24,
"[1, 140]",[],debrief,2,0,1,1,1,יארקא תויהל רשפא המכ דע תוארל ,2019_May_15_1847,119.971974557,demog_exp,24,
"[1, 140]",[],feedbackRegularity,3,0,2,2,2,תויקוח ויהש תבשוח אל,2019_May_15_1847,119.971974557,demog_exp,24,
"[1, 140]",[],specifyRegularity,4,0,3,3,3,תויקוח ויהש תבשוח אל,2019_May_15_1847,119.971974557,demog_exp,24,
"[1, 140]",[],addSomething,5,0,4,4,4,אל,2019_May_15_1847,119.971974557,demog_exp,24,
"[0, 0]",['return'],intro,1,0,0,0,0,,2019_May_15_1902,119.964346548,demog_exp,25,
"[1, 140]",[],debrief,2,0,1,1,1,זוכירו בשק,2019_May_15_1902,119.964346548,demog_exp,25,
"[1, 140]",[],feedbackRegularity,3,0,2,2,2,ןכ,2019_May_15_1902,119.964346548,demog_exp,25,
"[1, 140]",[],specifyRegularity,4,0,3,3,3,יארקא רדסב יתינע ינא םא,2019_May_15_1902,119.964346548,demog_exp,25,
"[1, 140]",[],addSomething,5,0,4,4,4,אל,2019_May_15_1902,119.964346548,demog_exp,25,
"[0, 0]",['return'],intro,1,0,0,0,0,,2019_May_16_1531,119.985649705,demog_exp,26,
"[1, 140]",[],debrief,2,0,1,1,1,הציחל סופד רוציל ומצעלשכ לוכי םיוסמ יוריג וא קזבה םאה קודבל,2019_May_16_1531,119.985649705,demog_exp,26,
"[1, 140]",[],feedbackRegularity,3,0,2,2,2,רתויב חיכשה ףצרה לש ותליחת ףצרה ץחלנ רשאכ ןכ,2019_May_16_1531,119.985649705,demog_exp,26,
"[1, 140]",[],specifyRegularity,4,0,3,3,3,יתמשר,2019_May_16_1531,119.985649705,demog_exp,26,
"[1, 140]",[],addSomething,5,0,4,4,4,......םמעשמ היה,2019_May_16_1531,119.985649705,demog_exp,26,
"[0, 0]",['return'],intro,1,0,0,0,0,,2019_May_19_1037,120.010993021,demog_exp,27,
"[1, 140]",[],debrief,2,0,1,1,1,הז בושמ תלבקל ונתוא איבהש המ ומכ קוידב להנתהל ךישמהל ונל םרוג יבויח בושמ םאה קודבל,2019_May_19_1037,120.010993021,demog_exp,27,
"[1, 140]",[],feedbackRegularity,3,0,2,2,2,אל,2019_May_19_1037,120.010993021,demog_exp,27,
"[1, 140]",[],specifyRegularity,4,0,3,3,3,אלש יתינע,2019_May_19_1037,120.010993021,demog_exp,27,
"[1, 140]",[],addSomething,5,0,4,4,4,אל,2019_May_19_1037,120.010993021,demog_exp,27,
"[0, 0]",['return'],intro,1,0,0,0,0,,2019_May_19_1406,119.940173819,demog_exp,28,
"[1, 140]",[],debrief,2,0,1,1,1,תויביטיאוטניא תולועפל םיוסמ רדס שי םאו קזבהה לש קופיסה תא קודבל,2019_May_19_1406,119.940173819,demog_exp,28,
"[1, 140]",[],feedbackRegularity,3,0,2,2,2,ןיבהל יתחלצהש תויקוח אל לבא ןכש שחנמ ינא,2019_May_19_1406,119.940173819,demog_exp,28,
"[1, 140]",[],specifyRegularity,4,0,3,3,3,םיוסמ תויקוח איה תויארקא םג יתעדל התוא יתנבה ירמגל אלש שיגרמ,2019_May_19_1406,119.940173819,demog_exp,28,
"[1, 140]",[],addSomething,5,0,4,4,4,ןיינעמ אוהש,2019_May_19_1406,119.940173819,demog_exp,28,
"[0, 0]",['return'],intro,1,0,0,0,0,,2019_May_19_1744,119.972118491,demog_exp,29,
"[1, 140]",[],debrief,2,0,1,1,1, הבוגת תוריהמו שלושמה תעפוה רחאל הבוגת יסופדו תונריע תקידב,2019_May_19_1744,119.972118491,demog_exp,29,
"[1, 140]",[],feedbackRegularity,3,0,2,2,2,יתוא הטי ילש חומהש ללגב חרכהב הנוכנ היהת אל יל היהתש הרעשה לכ ךא ןכש ןכתי,2019_May_19_1744,119.972118491,demog_exp,29,
"[1, 140]",[],specifyRegularity,4,0,3,3,3,תיעמשמ דח הבושת התייה אל,2019_May_19_1744,119.972118491,demog_exp,29,
"[1, 140]",[],addSomething,5,0,4,4,4,םימעפה בורב יתקדצ ןכאו שלושמ עיפוי יתמ שיגרהל לוכי ינאש םימעפ טעמ אל יתשגרה,2019_May_19_1744,119.972118491,demog_exp,29,
"[0, 0]",['return'],intro,1,0,0,0,0,,2019_May_20_1218,120.010416956,demog_exp,31,
"[1, 140]",[],debrief,2,0,1,1,1,בוהצ שלושמ שיש חוור לע וחלל החילצמ ינא םא קודבל ,2019_May_20_1218,120.010416956,demog_exp,31,
"[1, 140]",[],feedbackRegularity,3,0,2,2,2,בל יתמשש אל,2019_May_20_1218,120.010416956,demog_exp,31,
"[1, 140]",[],specifyRegularity,4,0,3,3,3, תויקוח יל היה אל,2019_May_20_1218,120.010416956,demog_exp,31,
"[1, 140]",[],addSomething,5,0,4,4,4,הדות אל,2019_May_20_1218,120.010416956,demog_exp,31,
"[0, 0]",['return'],intro,1,0,0,0,0,,2019_May_20_1218,120.026693944,demog_exp,30,
"[1, 140]",[],debrief,2,0,1,1,1,תכראתמ המישמהש ללכ הנתשמ תונעל היצביטומה םאה קודבל,2019_May_20_1218,120.026693944,demog_exp,30,
"[1, 140]",[],feedbackRegularity,3,0,2,2,2,אל,2019_May_20_1218,120.026693944,demog_exp,30,
"[1, 140]",[],specifyRegularity,4,0,3,3,3,אל,2019_May_20_1218,120.026693944,demog_exp,30,
"[1, 140]",[],addSomething,5,0,4,4,4,אל,2019_May_20_1218,120.026693944,demog_exp,30,
"[0, 0]",['return'],intro,1,0,0,0,0,,2019_May_20_1300,120.00220803,demog_exp,32,
"[1, 140]",[],debrief,2,0,1,1,1,תויארקא תקידב,2019_May_20_1300,120.00220803,demog_exp,32,
"[1, 140]",[],feedbackRegularity,3,0,2,2,2,בשוח אל,2019_May_20_1300,120.00220803,demog_exp,32,
"[1, 140]",[],specifyRegularity,4,0,3,3,3,ןיא,2019_May_20_1300,120.00220803,demog_exp,32,
"[1, 140]",[],addSomething,5,0,4,4,4,תויארקא התייה אלש בשוח אל,2019_May_20_1300,120.00220803,demog_exp,32,
"[0, 0]",['return'],intro,1,0,0,0,0,,2019_May_20_1344,119.974853219,demog_exp,33,
"[1, 140]",[],debrief,2,0,1,1,1, תויבקע וא זוכיר הקידבב והשמ ילוא תושוחת ינימ לכ יתעדב ולע יוסינה ךלהמב יתלאש אל ךא ידיל הרוחבה לואשל יתיצר תוארוהה יתארקש זאמ תמא  ,2019_May_20_1344,119.974853219,demog_exp,33,
"[1, 140]",[],feedbackRegularity,3,0,2,2,2, יתשגרה אל ךא תויקוח שפחל יתיסנ,2019_May_20_1344,119.974853219,demog_exp,33,
"[1, 140]",[],specifyRegularity,4,0,3,3,3, שיש יתשגרה אל זא,2019_May_20_1344,119.974853219,demog_exp,33,
"[1, 140]",[],addSomething,5,0,4,4,4, דמחנ היה,2019_May_20_1344,119.974853219,demog_exp,33,
"[0, 0]",['return'],intro,1,0,0,0,0,,2019_May_20_1353,120.012577302,demog_exp,34,
"[1, 140]",[],debrief,2,0,1,1,1,םיבוהבהה לש סופדה יפל ץוחלל םיסנמ תאז לכב םישנא םא תוארל ,2019_May_20_1353,120.012577302,demog_exp,34,
"[1, 140]",[],feedbackRegularity,3,0,2,2,2,ןכ,2019_May_20_1353,120.012577302,demog_exp,34,
"[1, 140]",[],specifyRegularity,4,0,3,3,3,םיוסמ ןמז קרפ לכ,2019_May_20_1353,120.012577302,demog_exp,34,
"[1, 140]",[],addSomething,5,0,4,4,4,אל,2019_May_20_1353,120.012577302,demog_exp,34,
"[0, 0]",['return'],intro,1,0,0,0,0,,2019_May_20_1408,120.003504101,demog_exp,35,
"[1, 140]",[],debrief,2,0,1,1,1,הנווכב יארקא ןפואב לועפל םדאה לש תולוכיה תא קודבל,2019_May_20_1408,120.003504101,demog_exp,35,
"[1, 140]",[],feedbackRegularity,3,0,2,2,2,אל,2019_May_20_1408,120.003504101,demog_exp,35,
"[1, 140]",[],specifyRegularity,4,0,3,3,3,רבועש םיוסמ ןמז ילואתויקוח התייהש תבשוח אל,2019_May_20_1408,120.003504101,demog_exp,35,
"[1, 140]",[],addSomething,5,0,4,4,4,שלושמה עיפוהשכ רמולכ חוור לע ץוחלל הכירצ יתייהשכ הברה תויתואה לע יתצחלש יתשגרה,2019_May_20_1408,120.003504101,demog_exp,35,
"[0, 0]",['return'],intro,1,0,0,0,0,,2019_May_20_1636,119.935282903,demog_exp,36,
"[1, 140]",[],debrief,2,0,1,1,1,םירותפכה לע הציחלה ומכ רחא והשמב תולשי ןינמז ובו םיוסמ רבד םע םדא ןיבה זוכיר ןיב רשקל הרטמ ,2019_May_20_1636,119.935282903,demog_exp,36,
"[1, 140]",[],feedbackRegularity,3,0,2,2,2,תינמז וב םירבד המכ להנלו ליעפהל ךרתצי אלו ישפוח שיגרי חומה זא תמיוסמ תויקוח התייה םא יכ ןכ,2019_May_20_1636,119.935282903,demog_exp,36,
"[1, 140]",[],specifyRegularity,4,0,3,3,3,ילאמודנאר היה לכה תויקוח התייה אל,2019_May_20_1636,119.935282903,demog_exp,36,
"[1, 140]",[],addSomething,5,0,4,4,4,אל,2019_May_20_1636,119.935282903,demog_exp,36,
"[0, 0]",['return'],intro,1,0,0,0,0,,2019_May_21_1219,119.985649747,demog_exp,37,
"[1, 140]",[],debrief,2,0,1,1,1,ינוטונומ בצמב ךשוממ ןמז ירחא םייונישל תונריע תקידב,2019_May_21_1219,119.985649747,demog_exp,37,
"[1, 140]",[],feedbackRegularity,3,0,2,2,2,תוציחלל בל תמושת רוציל ןוצר וא םישדח םיפצרמ קלחכש ןכתיי ירובע קהבומ ןפואב אל,2019_May_21_1219,119.985649747,demog_exp,37,
"[1, 140]",[],specifyRegularity,4,0,3,3,3,תוארוהל רשק ןיא ךא הרוק םיתיעלש והשמב רבודמ יתניחבמ .המישמהמ קלח ויה אלש ןוויכ ירובע םיבושח ויה םניא םיקזבההש תמאהו תויקוחב יתשגרה אל,2019_May_21_1219,119.985649747,demog_exp,37,
"[1, 140]",[],addSomething,5,0,4,4,4,הדות,2019_May_21_1219,119.985649747,demog_exp,37,
"[0, 0]",['return'],intro,1,0,0,0,0,,2019_May_22_1058,119.955712321,demog_exp,38,
"[1, 140]",[],debrief,2,0,1,1,1,םיקזבהה םהש םייארקא םילומגתל הבוגתהו תיארקא הלועפ אלו םיוסמ רדס תנכה אוהש יעבט לגרהל דגנתמ חומ דציכ תוארל,2019_May_22_1058,119.955712321,demog_exp,38,
"[1, 140]",[],feedbackRegularity,3,0,2,2,2,אל,2019_May_22_1058,119.955712321,demog_exp,38,
"[1, 140]",[],specifyRegularity,4,0,3,3,3,אל,2019_May_22_1058,119.955712321,demog_exp,38,
"[1, 140]",[],addSomething,5,0,4,4,4,אל,2019_May_22_1058,119.955712321,demog_exp,38,
"[0, 0]",['return'],intro,1,0,0,0,0,,2019_May_22_1103,119.971254808,demog_exp,39,
"[1, 140]",[],debrief,2,0,1,1,1,םייוריגל תוסחייתהו הבוגת תוריהמ קודבל ,2019_May_22_1103,119.971254808,demog_exp,39,
"[1, 140]",[],feedbackRegularity,3,0,2,2,2,תויקוח התייהש תבשוח אל,2019_May_22_1103,119.971254808,demog_exp,39,
"[1, 140]",[],specifyRegularity,4,0,3,3,3,אל,2019_May_22_1103,119.971254808,demog_exp,39,
"[1, 140]",[],addSomething,5,0,4,4,4,אל,2019_May_22_1103,119.971254808,demog_exp,39,
"[0, 0]",['return'],intro,1,0,0,0,0,,2019_May_22_1217,119.973413913,demog_exp,40,
"[1, 140]",[],debrief,2,0,1,1,1,בשק תקידב ,2019_May_22_1217,119.973413913,demog_exp,40,
"[1, 140]",[],feedbackRegularity,3,0,2,2,2,יופצ רותפכ לע הציחל,2019_May_22_1217,119.973413913,demog_exp,40,
"[1, 140]",[],specifyRegularity,4,0,3,3,3,רחביהל היה יופצש רותפכ לע הציחל,2019_May_22_1217,119.973413913,demog_exp,40,
"[1, 140]",[],addSomething,5,0,4,4,4,אל,2019_May_22_1217,119.973413913,demog_exp,40,
"[0, 0]",['return'],intro,1,0,0,0,0,,2019_May_23_1757,119.978307917,demog_exp,41,
"[1, 140]",[],debrief,2,0,1,1,1, ןמז ךרואל קדבנה לש זוכירה תמר תא קודבל,2019_May_23_1757,119.978307917,demog_exp,41,
"[1, 140]",[],feedbackRegularity,3,0,2,2,2,אל,2019_May_23_1757,119.978307917,demog_exp,41,
"[1, 140]",[],specifyRegularity,4,0,3,3,3, ,2019_May_23_1757,119.978307917,demog_exp,41,
"[1, 140]",[],addSomething,5,0,4,4,4, ,2019_May_23_1757,119.978307917,demog_exp,41,
"[0, 0]",['return'],intro,1,0,0,0,0,,2019_May_27_1041,119.997744081,demog_exp,42,
"[1, 140]",[],debrief,2,0,1,1,1,םיקזבה סופתל תוסנל,2019_May_27_1041,119.997744081,demog_exp,42,
"[1, 140]",[],feedbackRegularity,3,0,2,2,2,הבוגת ןמז,2019_May_27_1041,119.997744081,demog_exp,42,
"[1, 140]",[],specifyRegularity,4,0,3,3,3,הבוגת ןמז,2019_May_27_1041,119.997744081,demog_exp,42,
"[1, 140]",[],addSomething,5,0,4,4,4,אל,2019_May_27_1041,119.997744081,demog_exp,42,
"[0, 0]",['return'],intro,1,0,0,0,0,,2019_May_27_1108,119.972838166,demog_exp,43,
"[1, 140]",[],debrief,2,0,1,1,1,יובינ תלוכי תשוחת שי םאה קודבל,2019_May_27_1108,119.972838166,demog_exp,43,
"[1, 140]",[],feedbackRegularity,3,0,2,2,2,ןכש בושחל םורגל התייה הרטמה לבא אל,2019_May_27_1108,119.972838166,demog_exp,43,
"[1, 140]",[],specifyRegularity,4,0,3,3,3,תויקוח ןיא,2019_May_27_1108,119.972838166,demog_exp,43,
"[1, 140]",[],addSomething,5,0,4,4,4,אל,2019_May_27_1108,119.972838166,demog_exp,43,
"[0, 0]",['return'],intro,1,0,0,0,0,,2019_May_27_1254,119.966793246,demog_exp,44,
"[1, 140]",[],debrief,2,0,1,1,1,זוכירו ןמז רוטקפל תוסחייתה ךות תהריחב ויארקאל ונלש סחיה תא קודבל,2019_May_27_1254,119.966793246,demog_exp,44,
"[1, 140]",[],feedbackRegularity,3,0,2,2,2,ןכ,2019_May_27_1254,119.966793246,demog_exp,44,
"[1, 140]",[],specifyRegularity,4,0,3,3,3,תיארקא,2019_May_27_1254,119.966793246,demog_exp,44,
"[1, 140]",[],addSomething,5,0,4,4,4,רחא עבצל םודאמ רודכה לש עבצה תא תונשל ילוא,2019_May_27_1254,119.966793246,demog_exp,44,
"[0, 0]",['return'],intro,1,0,0,0,0,,2019_May_27_1257,120.002928066,demog_exp,45,
"[1, 140]",[],debrief,2,0,1,1,1,קדבנה לש םיננכותמ םיארקאודואספ םיסופד תאיצמ דצל םייופצ אל םייוניש ידי לע הריהמ הבוגת ןיבל םילגרה ןיב סחי זוכיר תויביסלופמיא תקידב,2019_May_27_1257,120.002928066,demog_exp,45,
"[1, 140]",[],feedbackRegularity,3,0,2,2,2,תומיאתמ הציחל תורדס תריחבב וא ו הבוגת תוריהמב היולת תויקוחהש תינשמ הראשה תויקוח יתאצמ אלש איה תירקיע הראשה,2019_May_27_1257,120.002928066,demog_exp,45,
"[1, 140]",[],specifyRegularity,4,0,3,3,3, וז הראשהל קייודמ אצממ ןיא,2019_May_27_1257,120.002928066,demog_exp,45,
"[1, 140]",[],addSomething,5,0,4,4,4,תואצותה המו וקדב המ תעדל ןיינעמ,2019_May_27_1257,120.002928066,demog_exp,45,
"[0, 0]",['return'],intro,1,0,0,0,0,,2019_May_27_1702,119.969815588,demog_exp,46,
"[1, 140]",[],debrief,2,0,1,1,1,םישלושמל הבוגת תוריהמה ןיבל תוציחלה ימודנר המכ ןיב רשקה תא תוארל,2019_May_27_1702,119.969815588,demog_exp,46,
"[1, 140]",[],feedbackRegularity,3,0,2,2,2,אל הז םהבש םינמזו םעבצ תא הנשמ ןכ הז םהבש םינמז שיש יתשגרה לבא אל,2019_May_27_1702,119.969815588,demog_exp,46,
"[1, 140]",[],specifyRegularity,4,0,3,3,3,יתינע אל,2019_May_27_1702,119.969815588,demog_exp,46,
"[1, 140]",[],addSomething,5,0,4,4,4,פייע תצק יתייה,2019_May_27_1702,119.969815588,demog_exp,46,
"[0, 0]",['return'],intro,1,0,0,0,0,,2019_May_30_1729,119.969527731,demog_exp,47,
"[1, 140]",[],debrief,2,0,1,1,1, תועונת ףץר,2019_May_30_1729,119.969527731,demog_exp,47,
"[1, 140]",[],feedbackRegularity,3,0,2,2,2,ןכ,2019_May_30_1729,119.969527731,demog_exp,47,
"[1, 140]",[],specifyRegularity,4,0,3,3,3,ו,2019_May_30_1729,119.969527731,demog_exp,47,
"[1, 140]",[],addSomething,5,0,4,4,4,אל,2019_May_30_1729,119.969527731,demog_exp,47,
