"Timestamp","מספר נבדק","מה לדעתך הייתה מטרת הניסוי?","האם לדעתך הייתה חוקיות כלשהי שגרמה לעיגולים להפוך לבנים?","מה לדעתך הייתה מטרת המשולשים הצהובים?","האם תרצה להוסיף משהו בנוגע לניסוי?","נסה לחזור להרגשתך בזמן ששחקת במשחק. באיזו מידה הייתה לך הרגשה של שליטה (הרגשה של היותך משפיע או של 'לגרום לדברים להתרחש') במהלך המשחק ששחקת עכשיו? (0 - כלל לא, 100 - במידה רבה מאוד)","נסה לחזור להרגשתך בזמן ששחקת במשחק. כמה חשת שלהתנהגות שלך היו תוצאות? (0 - כלל לא, 100 - במידה רבה מאוד)","עד כמה הרגשת צורך ללחוץ על המקש בכדי לגרום להבזק בעיגול? (0 - כלל לא, 100 - במידה רבה מאוד)","עד כמה הרגשת דחף ללחוץ על המקש בכדי לגרום להבזק בעיגול? (0 - כלל לא, 100 - במידה רבה מאוד)","עד כמה חשת שהלחיצה שלך גרמה להבזק על העיגול? (0 - כלל לא, 100 - במידה רבה מאוד)","כמה נהנית ממשימה זו? (0 - כלל לא, 100 - במידה רבה מאוד)","כמה אתה חושב שסטודנטים אחרים יהנו ממשימה זו? (0 - כלל לא, 100 - במידה רבה מאוד)","כמה מאמץ השקעת במשימה זו? (0 - כלל לא השקעתי מאמץ, 100 - מאמץ רב)","כמה חשוב היה לך להצליח במשימה? (0 - כלל לא, 100 - במידה רבה מאוד)","כמה חשוב היה לך להיות מדויק במשימה? (0 - כלל לא, 100 - במידה רבה מאוד)","כמה חשוב היה לך להיות זריז במשימה? (0 - כלל לא, 100 - במידה רבה מאוד)","מה מצב רוחך? (0 - שלילי מאוד , 100 - חיובי מאוד)","כאשר אני זז ופועל, זה מרגיש כאילו אני רובוט שמופעל מרחוק","תחושתי היא שאני בסך הכל כלי בידיו של מישהו/משהו אחר","אני שולט לחלוטין במה שאני עושה","מעשי קורים בלי שאני מתכוון לכך","אני הוא היוצר של מעשיי","יש לי התחושה שתוצאות פעולותי לא נובעות מהמעשים שלי","התנועות שלי הן אוטומטיות - הגוף שלי פשוט עושה אותן","היזימה של הפעולות שלי היא פתאומית ומפתיעה","הדברים שאני עושה כפופים אך ורק לרצוני החופשי","ההחלטה אם ומתי אפעל נמצאת בידי","מעשי אינם תוצאה של החלטה לעשות אותם","אני אחראי לחלוטין לכל תוצאות מעשי","ההתנהגות שלי מתוכננת על ידי מתחילתה ועד סופה","מין","גיל","ציון פסיכומטרי","תוכנית לימודים (חוג וכו')","ממוצע תואר (0 במידה ולא סטודנט)","יד דומיננטית","האם אי פעם אובחנת כסובל מADD/ADHD?","האם הנך סובל מעוורון צבעים?","האם אתה סובל מליקויי ראיה?","האם השתתפת בניסוי זה עבור תשלום או קרדיט?","","","","","","","","","","","","","","",""
"2020/07/26 11:32:36 am GMT+3","994","תשובה גנרית של נבדק/ת","כן","","לא","100","100","100","100","100","100","100","99","100","80","97","100","","","","","","","","","","","","","","נקבה","27","555","פסיכולוגיה","87","ימין","לא","לא","כן - ראייה מתוקנת באמצעות עדשות / משקפיים","קרדיט","1 (לא מסכים כלל)","9 (מסכים במידה רבה מאוד)","8","9 (מסכים במידה רבה מאוד)","9 (מסכים במידה רבה מאוד)","1 (לא מסכים כלל)","555","100","1 (לא מסכים כלל)","1 (לא מסכים כלל)","8","1 (לא מסכים כלל)","1 (לא מסכים כלל)","9 (מסכים במידה רבה מאוד)","8"
"2020/07/27 12:42:40 pm GMT+3","991","a","a","a","a","1","1","1","1","1","1","1","1","1","1","1","1","9","9","9","9","9","9","9","9","9","9","9","9","9","זכר","18","222","a","1","ימין","כן - ADHD","לא","לא, הראייה שלי תקינה","תשלום","","","","","","","","","","","","","","",""
"2020/07/28 10:12:29 am GMT+3","Michael Gorivodsky","בדיקה אם מיקום הפידבק ביחס לגירוי משפיע על הRT","לא ","הפסקה לחידוש קשב ","לא","70","85","80","80","70","60","60","50","70","70","90","100","3","3","8","1","8","3","6","6","7","8","2","8","8","זכר","26","680","פסיכולוגיה","88","ימין","לא","לא","כן - ראייה מתוקנת באמצעות עדשות / משקפיים","קרדיט","","","","","","","","","","","","","","",""
"2020/07/30 3:05:27 pm GMT+3","993","לבחון את השפעת השינויים או אי השינויים במטרות על התגובה :)","היה נראה לי שכשאני לוחצת על מקשים אחרים אז הם לא הופכים ללבנים אבל לפעמים גם כשלחצתי על מקש אחד ונכון זה עדיין קרה..","בחינת היכולת להגיב במהירות לגירוי אחר, חלוקת הקשב..","יאללה אונליין","70","70","100"," 100 ","100","50","60","70","90","100","100","60","1","1","7","1","8","2","3","2","5","6","2","8","3","נקבה","30","747","ללא","95","ימין","לא","לא","כן - ראייה מתוקנת באמצעות עדשות / משקפיים","קרדיט","","","","","","","","","","","","","","",""
"2020/10/01 12:32:24 pm GMT+3","1","בדיקת הקשר בין תנועות עיניים ומעקב אחר תגובות הצופה לבין כמות הקשב לטווח זמן שדורש רמת ריכוז מסויימת","העיגולים לא היו לבנים ממה שידוע לי","לבדוק את רמת הקשב","-","50","100","50","50","50","100","80","75","100","100","75","50","1","1","7","2","9","1","5","2","5","5","3","9","5","נקבה","23","530","0","0","ימין","לא","לא","לא, הראייה שלי תקינה","תשלום","","","","","","","","","","","","","","",""
"2020/10/01 1:29:52 pm GMT+3","2","בדיקה של יכולות מוטוריות וקוגניטיביות","לא","לעשות מן הפסקה וארגון מחדש של פעולות הנבדק","לא :)","0","80","0","0","100","20","20","80","80","100","80","30","1","3","8","3","8","5","1","1","6","8","1","9","8","נקבה","26","566","ניהול מימון","83","ימין","לא","לא","כן - ראייה מתוקנת באמצעות עדשות / משקפיים","תשלום","","","","","","","","","","","","","","",""
"2020/10/01 3:10:03 pm GMT+3","3","לבדוק לאילו צבעים אנשים מגיבים יותר במהירות","לא ממש מצאתי חוקיות, אבל יכול להיות שיש","הפסקות?","לא","70","65","90","90","60","75","60","70","80","100","75","85","1","3","7","5","8","2","3","1","7","8","2","6","9","נקבה","23","659","מדעי ההתנהגות","89.7","ימין","לא","לא","כן - ראייה מתוקנת באמצעות עדשות / משקפיים","תשלום","","","","","","","","","","","","","","",""
"2020/10/01 4:49:26 pm GMT+3","4","לבדוק מהירות ודיוק","ברגע שעניתי תשובה נכונה","לבדוק אם אני עומדת טוב בהתקלות","לא","90","100","50","50","100","90","90","100","100","100","100","100","3","2","7","3","6","3","3","3","6","6","2","7","5","נקבה","27","616","ניהול","85","ימין","לא","לא","לא, הראייה שלי תקינה","תשלום","","","","","","","","","","","","","","",""
"2020/10/01 6:25:11 pm GMT+3","5","לבדוק יכולת קשב וריכוז","מתי שהצלחתי ללחוץ על הכפתור הנכון","לבלבל","לא","100","100","80","100","100","60","50","90","100","90","100","90","1","1","9","1","8","1","4","4","9","9","2","8","8","נקבה","23","641","תעשייה וניהול","88","ימין","לא","לא","לא, הראייה שלי תקינה","תשלום","","","","","","","","","","","","","","",""
"2020/10/08 3:02:55 pm GMT+3","6","לבדוק זמן תגובה וקשר בין ראייה לפעולה","לא","לשנות את דפוס החשיבה לגבי הסימולציה","לא","80","80","90","90","100","100","90","70","100","100","100","100","1","5","7","2","7","3","6","5","7","7","5","8","8","זכר","23","630","הנדסת חשמל","0","ימין","כן - ADHD","לא","לא, הראייה שלי תקינה","תשלום","","","","","","","","","","","","","","",""
"2020/10/08 3:40:50 pm GMT+3","7","לבדוק מהירות תגובה\ריכוז לאורך זמן","לא שמתי לב למשהו מסוים","לבלבל\להוציא מריכוז\להקשות על מהירות התנועתיות של האצבעות","לא","98","70","100","0","50","50","60","50","90","100","90","80","2","1","9","2","9","1","3","3","2","9","2","9","6","זכר","25","680","ביולוגיה ופסיכולוגיה","75","ימין","כן - ADD","לא","לא, הראייה שלי תקינה","תשלום","","","","","","","","","","","","","","",""
"2020/10/08 4:22:15 pm GMT+3","8","לא יודעת","לדעתי כאשר המקש הנכון נלחץ העיגול הפך ללבן.","לדעתי המטרה של המשולשים הייתה כדי שהלחיצה לא תהפוך להיות אוטומטית.","לא :)","70","80","50","50","80","80","60","85","85","85","85","90","6","1","6","5","8","2","7","7","7","7","2","8","3","נקבה","24","650","פסיכולוגיה וביולוגיה","75","ימין","לא","לא","כן - ראייה מתוקנת באמצעות עדשות / משקפיים","תשלום","","","","","","","","","","","","","","",""
"2020/10/08 4:46:17 pm GMT+3","11","בדיקת זמן תגובה ואופן תגובה בהתאם לגירוי.","לדעתי זה קשור לזמן התגובה.  כשזמן התגובה הוא בגדר הנורמה, העיגולים הופכים ללבנים. ","לתרגל גירוי שהוא לא חלק מאותיות המקלדת. ","להוסיף את הזמן הנותר עד תום הניסוי בקצה המסך. ","85","85","20","20","80","80","75","75","100","100","90","80","3","6","6","5","7","4","6","3","5","6","3","7","6","זכר","35","643","לא רלוונטי","0","ימין","לא","לא","כן - ראייה מתוקנת באמצעות עדשות / משקפיים","תשלום","","","","","","","","","","","","","","",""
"2020/10/08 5:09:33 pm GMT+3","9","לבדוק ריכוז, קליטה מהירה וזריזות","כשלחצתי מהר","לשנות שגרה","לא","0","85","0","0","90","15","30","90","95","95","95","70","6","3","7","3","6","1","6","2","3","8","4","7","7","נקבה","25","652","הנדסת תעשיה וניהול","78","ימין","כן - ADD","לא","כן - ראייה מתוקנת באמצעות עדשות / משקפיים","תשלום","","","","","","","","","","","","","","",""
"2020/10/08 5:46:53 pm GMT+3","10","לבדוק מהירות תגובה לאורך זמן","כשעניתי מהר","להוציא מהריכוז על ארבע מקשים וארבע צורות דומות","לא","40","70","90","90","70","70","70","80","80","70","60","60","6","5","4","5","7","4","6","7","4","4","5","5","5","נקבה","23","677","הפרעות בתקשורת","0","ימין","לא","לא","לא, הראייה שלי תקינה","תשלום","","","","","","","","","","","","","","",""
"2020/10/08 6:22:11 pm GMT+3","12","לבדוק למידה של תנועות/ ריכוז","רמז לצעד הבא","מיקוד לאמצע","לא","75","100","100","100","90","50","50","70","90","90","80","90","5","3","6","3","7","3","5","5","6","7","2","8","6","נקבה","25","683","הפרעות בתקשורת","92","ימין","לא","לא","לא, הראייה שלי תקינה","תשלום","","","","","","","","","","","","","","",""
"2020/10/15 12:42:13 pm GMT+3","13","אולי לבדוק כיצד גירויים לא צפויים משפיעים על הביצוע שלנו","ניסיתי להבין מה החוקיות אבל לא הצלחתי לעלות עליה","להסיח אותנו ","לא","50","20","30","70","90","0","10","70","50","80","80","80","2","2","8","8","8","2","2","2","7","8","2","7","7","נקבה","26","659","הפרעות בתקשורת","94","ימין","לא","לא","כן - ראייה מתוקנת באמצעות עדשות / משקפיים","תשלום","","","","","","","","","","","","","","",""
"2020/10/15 1:34:57 pm GMT+3","14","בדיקת מהירות תגובה (ראייה ויכולת קוגנטיבית)","כאשר היה מענה נכון- עיגול הפך ללבן","שהנבדק לא יוכל לשמור על רצף, מעין התחלה מחדש","היה נחמד :)","10","90","100","100","100","75","55","75","100","100","100","70","6","1","6","7","7","3","8","7","7","8","3","4","7","נקבה","31","680","תעשייה וניהול","83","ימין","לא","לא","לא, הראייה שלי תקינה","תשלום","","","","","","","","","","","","","","",""
"2020/10/15 3:30:25 pm GMT+3","15","בדיקת זמן תגובה ביחס לצמידות בין גירויים","כשלחצתי על המיקום הנכון בזמן של כמה שניות בודדות","להפנות קשב למטלה שונה ולבדוק את מהירות התגובה אליה","לא תודה","45","100","90","90","100","50","70","90","100","100","100","40","2","1","7","2","9","1","2","1","8","8","1","8","9","נקבה","26","640","פסיכולוגיה","0","ימין","לא","כן","לא, הראייה שלי תקינה","תשלום","","","","","","","","","","","","","","",""
"2020/10/20 5:02:23 pm GMT+3","16","בדיקת יכולת תגובה או זמן תגובה כתלות בצבע או באזורים שונים של המוח","לא ששמתי לב אליה אבל מניחה שכן","איפוס, סימן למעבר אפשרי בין שני זוגות הצבעים","לא","60","100","20","50","40","40","50","40","80","90","95","90","2","2","7","3","8","2","5","2","6","8","1","8","8","נקבה","23","629","פסיכולוגיה ושירותי אנוש","89","ימין","לא","לא","כן - אבל הראייה שלי לא מתוקנת באמצעות עדשות / משקפיים","קרדיט","","","","","","","","","","","","","","",""
"2020/10/20 5:52:53 pm GMT+3","17","בדיקת זמן השהייה בין קלט לפלט מוטורי","לא","לבלבל, מכיוון שאין אחריהם הבזק לבן","הניסוי היה אחלה, אז לא","0","20","5","10","20","80","80","95","100","100","100","85","1","2","8","3","8","3","5","7","5","7","3","7","7","זכר","24","695","פסיפס","0","ימין","לא","לא","לא, הראייה שלי תקינה","קרדיט","","","","","","","","","","","","","","",""
"2020/10/20 6:27:23 pm GMT+3","18","לבחון השפעת תפיסה במרחב באפשרויות שונות","לא הייתה חוקיות","לתת רגיעה למוח לתמרון בין הצבעים והמקומות המיועדים  ","ניסוי מעניין כדי לבחון את ההשפעה הקוגניטיבית של האדם במשימה.","98","98","60","60","20","95","95","40","100","100","100","98","2","2","8","4","8","4","4","4","8","7","4","8","7","זכר","26","680","תעשייה וניהול","75","ימין","לא","לא","כן - ראייה מתוקנת באמצעות עדשות / משקפיים","תשלום","","","","","","","","","","","","","","",""
"2020/10/22 1:14:39 pm GMT+3","19","לבדןק האם העיגול הלבן יכול להוות הפרעה והאטה בתגובה","כל פעם שמצליחים","לגרום לנבדק לא להשתעמם","העיגולים הלבנים שלא היו אחד לאחד עם העיגולים הצבעוניים הצליחו לשגע אותי
בנוסף היה לי קושי בהתחלה להתרכז כשראיתי את ריטה הנסיינית אבל אחרי זה התרגלתי","90","95","100","100","100","45","40","70","90","95","100","90","3","2","8","2","8","2","4","3","3","6","2","9","8","נקבה","22","666","פסיכולוגיה פילוסופיה","88","ימין","לא","לא","כן - ראייה מתוקנת באמצעות עדשות / משקפיים","תשלום","","","","","","","","","","","","","","",""
"2020/10/22 1:56:13 pm GMT+3","20","מהירות תגובה לאורך זמן","אולי ככל שהמהירות הייתה איטית\מהירה יותר","לבדוק ריכוז או מה קורה שיש הפוגה ואיך זה משפיע אחר כך על התגובה","לא :)","20","100","0","20","50","50","50","80","100","100","50","90","2","2","6","4","7","1","5","6","1","5","1","9","1","נקבה","22","620","פסיכולוגיה ויעוץ והתפתחות האדם","0","ימין","לא","לא","לא, הראייה שלי תקינה","קרדיט","","","","","","","","","","","","","","",""
"2020/10/22 4:03:02 pm GMT+3","21","בדיקת זמן תגובה של אנשים לגירויים שמופיעים פתאום","כן, אולי ככל שזמן התגובה היה קצר יותר אז העיגולים הלבנים הופיעו קרוב יותר לעיגול הצבעוני?","לבדוק שמסתכלים על כל המסך ולא רק על החלק העליון (מאיפה שמופיעים העיגולים)","לא, נחמד מאוד","30","30","90","95","100","90","80","100","100","100","90","90","3","2","7","4","7","3","2","4","6","8","1","7","6","נקבה","27","650","הנדסה כימית","91","ימין","לא","לא","לא, הראייה שלי תקינה","תשלום","","","","","","","","","","","","","","",""
"2020/10/27 2:07:10 pm GMT+3","22","לבדוק יכולות מוטוריות","כן - אולי בהתאם למה שפספסתי בצעד האחרון.","אתנחתא.","היה ממש נחמד.","0","50","100","70","80","100","70","95","100","90","95","100","2","2","6","5","8","2","5","2","7","7","2","9","7","נקבה","22","200","פסיכולוגיה","0","ימין","לא","לא","כן - ראייה מתוקנת באמצעות עדשות / משקפיים","קרדיט","","","","","","","","","","","","","","",""
"2020/10/27 3:01:41 pm GMT+3","23","בדיקת קשב וריכוז עם גורמים משתנים","מהירות התגובה אולי","יצירת שינויי תפיסתי במהלך המשחק","לא","95","100","100","100","0","10","30","85","90","90","90","80","1","3","7","2","8","2","1","1","7","9","1","9","6","נקבה","24","624","פסיכולוגיה וייעוץ והתפתחות האדם","1","ימין","לא","לא","כן - ראייה מתוקנת באמצעות עדשות / משקפיים","קרדיט","","","","","","","","","","","","","","",""
"2020/10/29 1:31:56 pm GMT+3","24","קשב לאורך זמן","לא","לא יודעת","לא","70","50","0","0","100","10","10","20","70","80","60","100","1","1","7","2","8","2","2","1","8","8","2","7","8","נקבה","20","631","פסיכולוגיה וסוציולוגיה","85","ימין","לא","לא","לא, הראייה שלי תקינה","קרדיט","","","","","","","","","","","","","","",""
"2020/10/29 2:32:19 pm GMT+3","25","לדעתי מטרת הניסוי הייתה לבדוק תגובות רגשיות למצבי הצלחה וכשלון של תגובות פיזיות","כאשר הצלחתי ללחוץ על הכפתור המתאים ראשון, הכדורים הפכו ללבנים","לדעתי מטרת המשולשים הצהובים הייתה להוסיף גירוי תגובתי מסוג אחר בכדי למתן מעט איבוד ריכוז כתוצאה מחזרה על אותה פעולה","יש לי הרגשה שהתוצאות שלי הן מתחת לממוצע. אני די גרועה בדברים כאלה אבל זה גם ממש הצחיק אותי משום מה.","70","100","0","0","100","50","40","100","90","90","100","100","1","1","8","3","9","1","3","7","7","9","2","9","6","נקבה","21","615","פסיכולוגיה חד חוגי","0","ימין","כן - ADHD","לא","כן - ראייה מתוקנת באמצעות עדשות / משקפיים","קרדיט","","","","","","","","","","","","","","",""
"2020/10/29 3:30:28 pm GMT+3","26","מדידת השפעת אורך המשחק על מהירות התגובה","כן, כשהספקתי ללחוץ עליהם לפני שהם עברו את חצי הדרך למטה","להסיט את הריכוז מאיזור העיגולים","לא :)","70","80","100","100","90","90","90","65","100","100","100","85","1","1","8","2","9","3","2","1","6","7","2","7","6","נקבה","24","625","קוגניציה ופסיכולוגיה","0","ימין","לא","לא","לא, הראייה שלי תקינה","קרדיט","","","","","","","","","","","","","","",""
"2020/10/29 4:29:22 pm GMT+3","27","בדיקת ריכוז\קשב","כן","להתרכז מחדש במשחק, למנוע סטטיות?","לא","70","80","100","100","95","60","50","50","80","80","85","80","5","3","7","4","6","4","4","3","6","6","4","7","7","נקבה","21","693","פסיפס- פסיכולוגיה,פילוסופיה","0","ימין","לא","לא","לא, הראייה שלי תקינה","קרדיט","","","","","","","","","","","","","","",""
"2020/10/29 5:32:43 pm GMT+3","28","לזהות יכולות ריכוז לאורך זמן ","אם צדקתי בתשובה עליה לחצתי","להסיח את דעתי כדי שלא אהיה בטוחה אם צדקתי או לא","קצת ארוך ","60","70","70","65","100","60","70","65","65","65","60","65","3","3","4","7","3","7","7","7","3","3","3","3","3","נקבה","22","642","פסיכולוגיה ביולוגיה","0","ימין","לא","לא","לא, הראייה שלי תקינה","קרדיט","","","","","","","","","","","","","","",""
"2020/10/29 6:40:12 pm GMT+3","29","להראות קשר בין משחקי מחשב לקשב וריכוז","לא","לבלבל את הדפוס שצריך להשתמש בסימון הצבעים.","מוזיקה הייתה מוסיפה עניין","60","80","95","95","30","30","20","95","97","97","95","85","2","1","7","5","7","6","7","5","2","4","3","2","1","נקבה","23","639","פסיכולוגיה ביולוגיה","0","ימין","כן - ADHD","לא","כן - ראייה מתוקנת באמצעות עדשות / משקפיים","קרדיט","","","","","","","","","","","","","","",""
"2020/11/01 12:34:14 pm GMT+3","30","לבדוק את רמת הקשב שלנו, בעיות קשב וריכוז","מהירות התגובה","לראות עד כמה דעתנו מוסחת בזמן שאנחנו מנסים לצפות מתי ואיפה יופיעו כדורים בצבעים שונים.","לא, תודה","40","70","90","70","100","85","80","80","70","90","70","70","3","4","5","6","7","4","7","8","4","6","2","8","7","נקבה","23","656","פסיכולוגיה","0","ימין","לא","לא","לא, הראייה שלי תקינה","קרדיט","","","","","","","","","","","","","","",""
"2020/11/01 1:28:48 pm GMT+3","31","בדיקת הידרדרות זמן תגובה של הנבדק ככל שעובר הזמן בו הוא עוסק באותה פעילות ממושכת","לא","מנוחה בין הבדיקות","ניסוי מאמץ את העיניים, קושי להתרכז לאחר כמה דקות","30","100","90","90","100","75","60","75","80","80","80","90","1","1","9","1","9","1","1","1","9","9","1","9","9","זכר","24","738","פסיכולוגיה ופילוסופיה","0","ימין","לא","לא","לא, הראייה שלי תקינה","קרדיט","","","","","","","","","","","","","","",""
"2020/11/02 1:29:00 pm GMT+3","32","לבדוק מהירות תגובה של יד ימין לעומת יד שמאל","הלחיצה על המקש הנכון גרמה לעיגולים להפוך ללבנים","מעין הפסקה, לטובת ריכוז","היה אחלה :) בהצלחה!","100","100","100","100","100","50","40","30","90","100","100","90","1","1","8","2","9","2","5","2","7","7","3","5","5","נקבה","23","611","עבודה סוציאלית","94","ימין","לא","לא","לא, הראייה שלי תקינה","תשלום","","","","","","","","","","","","","","",""
"2020/11/02 4:23:43 pm GMT+3","33","לבדוק מהירות תגובה לצבעים מסויימים או לסדר מסויים שבו הם מופיעים","לפעמים זה הראה את מיקום הלחיצה הבאה, אבל לא תמיד","לתת למוח ולאצבעות הפסקה, לעשות איפוס","לא","40","70","70","80","100","60","60","50","90","90","90","90","2","2","8","3","8","1","3","2","7","7","2","5","4","נקבה","24","735","פסיכולוגיה ואופקים","0","ימין","לא","לא","לא, הראייה שלי תקינה","קרדיט","","","","","","","","","","","","","","",""
"2020/11/03 1:27:14 pm GMT+3","34","פידבק שונה בלחיצה","הם הפכו ללבנים בזיהוי נכון אבל המיקום שלהם היה שונה, אולי בזמני תגובה שונים","איפוס","ממש מעניין! תודה רבה.","50","75","50","50","80","100","90","85","95","95","95","90","3","3","8","2","8","4","2","3","6","7","5","6","4","זכר","31","710","פסיכולוגיה","75","ימין","לא","לא","כן - ראייה מתוקנת באמצעות עדשות / משקפיים","קרדיט","","","","","","","","","","","","","","",""
"2020/11/03 2:27:07 pm GMT+3","35","בדיקת מהירות תגובה וריכוז למשך זמן ","כאשר היה רצף של לחיצות נכונות","הוצאה מריכוז ","לא","0","50","100","100","50","50","50","80","80","90","90","80","1","1","8","3","8","5","5","1","6","5","3","5","3","נקבה","25","622","ריפוי בעיסוק","0","שמאל","לא","לא","לא, הראייה שלי תקינה","תשלום","","","","","","","","","","","","","","",""
"2020/11/03 3:31:21 pm GMT+3","36","ניסוי קשב וריכוז","כאשר צדקתי הם הפכו ללבנים לדעתי","לבדיקת ריכוז","לא","85","100","100","100","100","80","85","90","100","100","90","70","7","2","8","1","8","1","4","5","7","7","3","6","7","נקבה","20","200","חוג לפסיכולוגיה ושירותי אנוש","0","ימין","כן - ADHD","לא","כן - ראייה מתוקנת באמצעות עדשות / משקפיים","קרדיט","","","","","","","","","","","","","","",""
"2020/11/03 4:30:59 pm GMT+3","37","מהירות תגובה","לא שמתי לב","לבלבל מכיוון שהצורה שונה ","לא","80","100","100","100","100","60","50","80","80","90","90","80","1","2","8","1","9","1","1","1","5","5","1","3","3","נקבה","22","620","פסיכולוגיה ומדעי הקוגניציה","0","ימין","לא","לא","כן - ראייה מתוקנת באמצעות עדשות / משקפיים","קרדיט","","","","","","","","","","","","","","",""
"2020/11/03 5:36:05 pm GMT+3","38","מהירות תגובה, קשב וריכוז, קורדינציה","לא יודעת אם הייתה חוקיות אבל עיגולים שהפכו ללבנים באותו ציר והיו שהפכו לבנים תוך כדי תזוזה לציר סמוך","קטיעה של רצף, אלמנט של בלבול ","לא תודה","50","20","90","90","50","60","60","95","90","90","90","80","6","6","4","6","5","4","6","7","4","3","6","4","4","נקבה","23","646","פסיכולוגיה ופילוסופיה","0","ימין","לא","לא","כן - ראייה מתוקנת באמצעות עדשות / משקפיים","תשלום","","","","","","","","","","","","","","",""
"2020/11/04 11:28:23 am GMT+3","39","בדיקת תגובות מוטוריות לשינויים חזותיים","כשלחצתי נכון","בקרה","לא","50","50","10","10","80","40","50","30","60","70","60","50","1","1","8","2","8","3","2","3","9","7","1","7","2","נקבה","24","690","אופקים-פסיכולוגיה","0","ימין","כן - ADD","לא","כן - ראייה מתוקנת באמצעות עדשות / משקפיים","קרדיט","","","","","","","","","","","","","","",""
"2020/11/04 12:29:27 pm GMT+3","40","לבדוק על איזה צבע אני נוטה לבחור בכל פעם שאני טועה","לא","לאפס את הסדר. להפוך את זה לאינטרוולים","לא","80","100","100","100","100","80","50","100","100","100","100","75","3","2","7","4","6","3","2","4","5","6","3","6","6","זכר","26","663","כלכלה וחשבונאות","83.5","שמאל","לא","כן","לא, הראייה שלי תקינה","תשלום","","","","","","","","","","","","","","",""
"2020/11/04 1:28:34 pm GMT+3","41"," לבדוק את הקשר בין הצלחה לתגובה הבאה","לא","לשבור רצף","לא","50","70","0","0","40","40","50","70","90","90","90","60","1","1","9","2","7","2","1","1","5","6","1","9","2","נקבה","27","685","פסיכולטוגיה מערכות מידע","0","ימין","לא","לא","לא, הראייה שלי תקינה","קרדיט","","","","","","","","","","","","","","",""
"2020/11/04 2:33:52 pm GMT+3","42","לראות האם גירויים כמו הלבן הזה אחרי שלחצתי על צבע מסויים משנה החלטה / או האם רצף מסויים משפיע על ההחלטה איזה צבע ללחוץ...","לא","לבדוק האם יש השפעה ל""ריסט"" של הידיים מבחינת שמאל/ימין על זמן תגובה","לדעתי תוסיפו האם הנבדקים סובלים מהפרעות קשב או לא בהתייחסות שלכם לנתונים :)","0","0","100","100","70","85","86","85","95","95","95","88","1","1","6","3","7","3","4","4","4","5","3","4","3","נקבה","24","684","ביולוגיה / פסיכולוגיה","0","ימין","כן - ADHD","לא","כן - ראייה מתוקנת באמצעות עדשות / משקפיים","קרדיט","","","","","","","","","","","","","","",""
"2020/11/05 2:13:15 pm GMT+3","43","לבדוק קוארדינצייה ביחס לקשב","כן, אבל אין לי מושג בדיוק איזה","להוציא אולי מהרצף של פעולה אוטמטית וככה לבדוק יותר קוארדינצייה","תודה :)","90","90","90","95","95","90","80","60","80","90","80","70","3","2","7","2","5","2","2","2","5","7","2","5","7","נקבה","23","630","פסיכולוגיה ויעוץ והתפתחות האדם","0","ימין","כן - ADD","לא","כן - ראייה מתוקנת באמצעות עדשות / משקפיים","קרדיט","","","","","","","","","","","","","","",""
"2020/11/05 3:03:42 pm GMT+3","44","לבדוק תהליכים קוגניטיביים של תפיסת צבעים, עירנות והתמדה","ייתכן, חייב לומר שלא נתתי את תשומת הלב שלי לזה ואני פחות זוכר","להראות שהמוח שלנו מסוגל להניע את האגודלים בצורה יותר טובה מאשר האצבעות","לא אין לי משהו קונקרטי להוסיף","40","70","30","30","90","30","50","95","95","85","85","80","1","3","8","2","9","1","2","5","7","6","1","9","7","זכר","21","222","פסיכולוגיה פילוסופיה","0","ימין","כן - ADD","לא","כן - ראייה מתוקנת באמצעות עדשות / משקפיים","קרדיט","","","","","","","","","","","","","","",""
"2020/11/05 4:03:34 pm GMT+3","45","בדיקת שמירת ריכוז וקשב","הייתה, איני יודע מה היא, אולי אם לחצתי לפני שעבר את החצי","לבדוק מה קורה כשאין משוב ללחיצה","עוד צבעים","0","0","0","0","10","85","60","30","35","35","60","85","1","2","1","3","7","1","2","3","3","6","3","8","1","זכר","24","657","פסיכולוגיה פילוסופיה","0","ימין","לא","לא","לא, הראייה שלי תקינה","קרדיט","","","","","","","","","","","","","","",""
"2020/11/05 4:52:21 pm GMT+3","46","לראות איך אני מגיבה כשהמשחק ""לא פייר"", כשהמשוב לא מתקף אותי לפי מה שהקלדתי בפועל.","כן, אם לא טעיתי בהקלדה וישר לחצתי על המקש הנכון- העיגול הפך ללבן","להבדיל בין מקטע למקטע בבדיקה. או לסמן מתי אני בתהליך שיפור (המשולש שינה כיוון באמצע המשחק) ","אין לי בעיות קשב וריכוז, אבל לקראת הדקות האחרונות היה לי מאוד קשה להתרכז ואיבדתי עניין, מאשר העניין שהיה לי בתחילת הניסוי","80","75","90","90","80","55","40","90","95","90","95","75","1","2","7","2","8","3","2","2","6","7","2","7","6","נקבה","23","680","פסיכולוגיה והתפתחות האדם","92","ימין","לא","לא","כן - ראייה מתוקנת באמצעות עדשות / משקפיים","קרדיט","","","","","","","","","","","","","","",""
"2020/11/05 5:38:24 pm GMT+3","47","בדיקת התמודדות עם אתגר חדש לאורך זמן, השפעות של למידה וגם של התעייפות או שיעמום","כן, הפכו ללבנים ולא זזו הצידה בעיקר אחרי כמה זמן בלי טעויות, אם שמתי לב נכון","לבלבל? לא יודע.","אולי יהיה נחמד ליידע את המשתתפים מראש בכמה זמן משחק מדובר, לא זכור לי שידעתי כמה זמן זה הולך להיות","13","60","70","70","100","50","55","55","75","75","60","60","5","6","3","8","6","3","8","8","2","5","2","7","6","זכר","25","737","פסיפס - פסיכולוגיה ופילוסופיה","0","ימין","לא","לא","כן - ראייה מתוקנת באמצעות עדשות / משקפיים","קרדיט","","","","","","","","","","","","","","",""
"2020/11/05 7:02:52 pm GMT+3","48","בחינת קשב וריכוז","לא שמתי לב ","יציאה מריכוז וחזרה אליו","לא","70","80","90","80","100","20","10","60","80","75","60","75","4","1","5","3","7","3","5","3","5","7","3","7","5","זכר","27","655","פסיכולוגיה וכלכלה","82","שמאל","לא","לא","לא, הראייה שלי תקינה","קרדיט","","","","","","","","","","","","","","",""
"2020/11/08 12:30:32 pm GMT+3","49","בדיקת זריזות","כשלוחצים בזמן על המקש הנכון","לבלבל","לא","60","80","90","90","100","20","20","10","90","100","100","50","3","1","7","1","9","1","3","1","6","7","1","9","7","נקבה","33","523","היסטוריה כללית","94","שמאל","לא","לא","כן - ראייה מתוקנת באמצעות עדשות / משקפיים","תשלום","","","","","","","","","","","","","","",""
"2020/11/08 4:29:54 pm GMT+3","50","לבדוק קשב לאורך זמן ","כן","לבלבל","מעוניין לדעת האם היתה סיבה לרצפים שחזרו על עצמם במהלך הניסוי? מטרתם היתה לבלבל?","50","90","100","100","100","80","60","100","100","100","95","70","2","1","5","2","5","2","8","5","4","7","2","8","7","זכר","23","680","פסיכולוגיה ביולוגיה ","0","ימין","כן - ADHD","לא","לא, הראייה שלי תקינה","קרדיט","","","","","","","","","","","","","","",""
"2020/11/09 3:30:07 pm GMT+3","51","לבדוק זמן תגובה איך הוא משתנה לאורך זמן, ככל שעובר יותר מתעייפים. אולי קשור לזקנה, אולי קשור גם ליד דומיננטית (בצד שיש פחות טעויות זו היד הדומיננטית) ","לא","לאפס אותנו להחזיר אותנו להיות מרוכזים","לא","0","0","0","0","100","48","35","75","60","90","95","70","1","1","8","2","9","2","2","1","7","9","1","8","8","נקבה","22","625","פסיכולוגיה ","0","שמאל","לא","לא","כן - ראייה מתוקנת באמצעות עדשות / משקפיים","קרדיט","","","","","","","","","","","","","","",""
"2020/11/09 4:35:30 pm GMT+3","52","יכולת חזרה על תנועות מוטוריות","כן","שוני מהעיגולים הלבנים, יכול להוציא מריכוז ולגרום לאיבוד התנועות הקטנות.","לא","70","80","85","85","90","50","60","90","85","85","80","60","1","1","4","3","6","4","1","1","6","5","3","6","3","נקבה","22","726","פסיכולוגיה ורב תחומי דו חוגי תואר ראשון","0","ימין","כן - ADD","לא","כן - אבל הראייה שלי לא מתוקנת באמצעות עדשות / משקפיים","קרדיט","","","","","","","","","","","","","","",""
"2020/11/09 7:26:51 pm GMT+3","53","לבדוק האם הבזק של צבע הכדור במקום עם צבע שונה לפני נפילת הכדור ישפיע על זמן התגובה ","לא","רענון","לא","75","90","55","80","60","60","60","70","90","90","90","80","6","3","7","4","7","3","4","6","7","7","6","8","2","זכר","23","758","כלכלה חשבונאות","78","שמאל","לא","לא","לא, הראייה שלי תקינה","תשלום","","","","","","","","","","","","","","",""
"2020/11/09 8:26:39 pm GMT+3","54","אין לי מושג","כאשר עניתי נכונה ע""י הלחצנים הם הפכו לצבע לבן וכטעיתי לא הופיעו עיגולים לבנים","לתת הפוגה לעיניים","לא","100","100","100","100","80","60","50","50","100","100","80","100","5","2","7","5","8","4","6","7","3","3","4","2","2","נקבה","38","800","ניהול ופסיכולוגיה","80","ימין","לא","לא","לא, הראייה שלי תקינה","תשלום","","","","","","","","","","","","","","",""
"2020/11/10 1:27:22 pm GMT+3","55","לבדוק מהירות תגובה, ריכוז לאורך זמן ","כאשר לוחצים וצודקים הם הפכו לבנים ונעלמו","לאפס את הריכוז ","היה כיף :)","20","80","100","100","90","90","90","40","100","100","90","90","1","1","7","2","8","1","1","1","5","5","1","4","4","נקבה","22","650","פסיכולוגיה - מדעי הקוגניציה ","0","שמאל","לא","לא","כן - ראייה מתוקנת באמצעות עדשות / משקפיים","קרדיט","","","","","","","","","","","","","","",""
"2020/11/10 2:25:04 pm GMT+3","56","בחינת מהירות תגובה בין צבעים/ צורות
","לא יודעת
","איפוס וריכוז","לא","0","70","0","0","0","0","20","80","80","70","80","80","2","2","8","2","9","2","1","1","6","7","1","9","5","נקבה","23","710","פסיכולוגיה ואופקים","0","ימין","לא","לא","לא, הראייה שלי תקינה","קרדיט","","","","","","","","","","","","","","",""
"2020/11/10 3:29:40 pm GMT+3","57","לבדוק השפעות גירויים חיצונים על תפקוד קוגניטיבי","מהירות התגובה","להוות גורם חיצוני ","לא","75","40","50","50","85","75","75","75","95","95","70","90","1","5","5","4","6","4","3","3","1","3","4","6","7","זכר","23","660","פסיכולוגיה ומדעי הקוגניציה","0","ימין","כן - ADHD","כן","לא, הראייה שלי תקינה","קרדיט","","","","","","","","","","","","","","",""
"2020/11/11 2:31:05 pm GMT+3","58","בדיקת זמן תגובה תוך כדי בלבול עם הבהוב הכדורים לכיוונים השונים לאחר הלחיצה על המקש","לאחר הלחיצה על המקש המתאים","הפסקה בין מקטעים שונים של הניסוי","היה ממש כיף :)","60","80","90","90","100","90","90","70","90","90","90","70","1","1","7","3","7","2","2","2","4","7","2","8","5","נקבה","22","631","פסיכולוגיה וביולוגיה","0","שמאל","לא","לא","לא, הראייה שלי תקינה","קרדיט","","","","","","","","","","","","","","",""
"2020/11/11 3:25:25 pm GMT+3","59","לבדוק יכולת תגובה לאורך זמן","לא שמתי לב לחוקיות מסוימת","להפנות את הקשב שלי לגירוי אחר","לא :)","40","50","0","0","0","50","50","60","90","90","90","80","1","2","7","1","8","2","3","1","6","7","2","8","6","נקבה","22","600","פסיכולוגיה+ייעוץ והתפתחות האדם","0","ימין","לא","לא","לא, הראייה שלי תקינה","קרדיט","","","","","","","","","","","","","","",""
"2020/11/11 6:54:38 pm GMT+3","60","לבדוק פקודות מהמוח לידיים לאורך זמן","לא","לבדוק קואורדינציה","לא","42","0","100","80","100","50","71","56","80","90","60","85","3","1","8","2","8","2","1","1","8","8","2","8","8","זכר","27","580","מערכות מידע","92","ימין","לא","לא","כן - ראייה מתוקנת באמצעות עדשות / משקפיים","תשלום","","","","","","","","","","","","","","",""
"2020/11/11 7:31:44 pm GMT+3","61","יש כמה אפשרויות, משער שהיכולת להישאר מרוכז לאורך זמן במשימה מונוטונית/ לראות איזה צבע מעורר יותר מעורבות וערנות","משער שכן. חשבתי על זה ולא עליתי על משהו","לתת סוג צבע אחר שהעין לא ראתה וצריכה להסתגל אליו? לעשות סוג של אתחול?","קשה להיות מרוכז לאורך זמן. ","8","45","70","75","40","20","10","70","80","60","70","45","3","3","5","4","6","4","3","4","4","4","4","6","5","זכר","25","555","לימודי יהדות ארהב","87","ימין","לא","לא","כן - ראייה מתוקנת באמצעות עדשות / משקפיים","תשלום","","","","","","","","","","","","","","",""
"2020/11/12 1:23:36 pm GMT+3","62","לבדוק קצב תגובה","סוג של ","להכניס את השחקן לריכוז","לא , תודה","75","50","90","80","100","70","70","50","90","90","90","80","7","7","6","5","8","4","7","9","8","8","2","8","6","זכר","22","450","פסיכולוגיה תואר ראשון חד חוגי ","0","ימין","כן - ADHD","לא","כן - אבל הראייה שלי לא מתוקנת באמצעות עדשות / משקפיים","קרדיט","","","","","","","","","","","","","","",""
"2020/11/12 2:00:23 pm GMT+3","63","להשוות מהירות תגובה בין שני הצדדים","כל פעם שהצלחתי ללחוץ על האות הנכונה בכמות זמן הקצרה ביותר","ליצור פאוזה כדי שאצא מהרצף ומהריכוז ","הניסוי ממש נחמד, נסיינית נעימה מאוד :) תיסכל אותי כשלא הצלחתי לפגוע בכמה ברצף, כל פעם שהייתה לי מחשבה רגעית שחלפה לא הצלחתי לפגוע ","80","100","90","100","100","80","50","100","100","100","100","70","2","2","6","2","7","2","2","2","6","8","2","6","8","נקבה","24","600","פסיכולוגיה וייעוץ והתפתחות האדם","94.6","שמאל","לא","לא","כן - ראייה מתוקנת באמצעות עדשות / משקפיים","קרדיט","","","","","","","","","","","","","","",""
"2020/11/12 2:33:01 pm GMT+3","64","משהו שקשור לתזוזות בעיניים ומוטריקה","אולי איפה הסתכלתי לפני שהקשתי","למקד את הראיה למרכז","לא","0","0","0","0","60","10","30","70","70","80","50","80","1","1","9","4","9","3","1","1","5","7","1","9","4","נקבה","22","500","מדעי המדינה ופסיכולוגיה","0","ימין","כן - ADHD","לא","כן - ראייה מתוקנת באמצעות עדשות / משקפיים","קרדיט","","","","","","","","","","","","","","",""
"2020/11/12 3:01:47 pm GMT+3","65","לבדוק מהירות תגובה ונכונות התגובה לפי שינויים קבועים מראש","לא שמתי לב לזה","לבדוק תגובה של שינוי מהרצף הקבוע של 4 אותיות צבעים ועיגולים יורדים למשהו שונה לגמרי","היה מעניין אשמח להשתתף בניסויים עתידיים ","0","90","0","0","0","100","100","50","100","100","100","80","3","1","9","3","9","2","5","4","8","9","3","7","7","זכר","29","720","מדעי המחשב","81","ימין","כן - ADHD","כן","לא, הראייה שלי תקינה","תשלום","","","","","","","","","","","","","","",""
"2020/11/12 3:42:18 pm GMT+3","66","לבדוק כמה זמן לוקח למקד את הקשב לאחר שנקודת פיקסציה הופיעה (המשולש הצהוב) ולאחר שנפלו כדורים ממקומות סמוכים. זמן מיקוד הקשב מחדש עפ""י קושי של כל חלק מהמטלה. אולי לבדיקת סיכויים לתאונות דרכים או משהו כזה","כן, כשהצלחתי ""לתפוס"" את הכדורים בזמן ""הנכון"". אם שמתי לב נכון, היו מקרים שהכדור גם זז טיפה לצד והיו מקרים שנשאר במקומו כשהוא לבן. אולי אם הצלחתי לתפוס מהר יותר הם זזו לצד קצת.","כמו מעין הפסקה או זמן למיקוד/מירכוז הקשב מחדש","ניסוי מאתגר ונחמד, מעייף מעך להיות קשוב ככ הרבה זמן, אבל כנראה שזה מה שבודקים:)","90","95","100","100","100","95","85","85","90","100","100","70","1","2","8","2","5","2","3","3","7","7","3","6","1","נקבה","24","614","פסיכולוגיה","94.6","ימין","לא","לא","כן - ראייה מתוקנת באמצעות עדשות / משקפיים","קרדיט","","","","","","","","","","","","","","",""
"2020/11/12 4:52:32 pm GMT+3","67","לבדוק אם המשולש מאט את התגובות שבאות אחריו","לא שמתי לב למשהו חוץ מזה שהם הופיעו ברגע של לחיצה נכונה","להפריע לתגובות שאחרי","היה כיף! למרות שלפעמים האצבעות שלי לא הקשיבו לי","80","90","100","100","70","100","95","100","100","100","100","95","4","1","8","3","9","5","7","4","5","8","6","5","3","נקבה","31","660","הנדסת חשמל ואלקטרוניקה","83","ימין","לא","לא","כן - ראייה מתוקנת באמצעות עדשות / משקפיים","תשלום","","","","","","","","","","","","","","",""
"2020/11/12 5:26:57 pm GMT+3","68","לראות אם לאורך זמן אני מבינה את המשימה יותר טוב או מאבדת ריכוז","כן","סימנו חץ למעלה","לא","0","100","90","90","85","50","55","90","90","90","90","75","3","4","5","5","7","4","6","6","6","6","4","8","6","נקבה","24","200","פסיכולוגי ומדעי המדינה","0","ימין","לא","לא","לא, הראייה שלי תקינה","קרדיט","","","","","","","","","","","","","","",""
"2020/11/12 6:37:45 pm GMT+3","69","לבדוק את הקשב לצד פעולה מוטורית לאורך זמן
","כשלחצתי על הצבע המתאים, לדעתי כשהתגובה הייתה מהירה העיגול הלבן היה בדיוק אותו המקום של העיגול בצבע, כשהתגובה היתה יותר איטית העיגול הלבן היה במעט באלכסון מהמקום המקורי.","נק פיקציה ","לא","85","100","10","10","100","30","30","100","90","100","100","70","1","1","8","1","9","1","3","1","6","7","4","5","6","זכר","26","650","פסיכולוגיה חד חוגי","98","ימין","לא","לא","לא, הראייה שלי תקינה","קרדיט","","","","","","","","","","","","","","",""
"2020/11/15 1:00:59 pm GMT+3","70","מוטבציה לבצע את המטלה נכון לאורך זמן","כאשר לחצתי על הכפתור המתאים לעיגול בלי לטעות הוא נהפך ללבן וזוהי החוקיות.","להוריד פוקוס מ4 הכפתורים שאינם הרווח","קשה","85","90","70","80","100","55","30","80","85","85","75","90","6","1","8","2","9","2","5","6","7","8","2","8","7","זכר","24","692","פסיכולוגיה ביולוגיה","85","ימין","כן - ADD","לא","לא, הראייה שלי תקינה","קרדיט","","","","","","","","","","","","","","",""
"2020/11/15 3:03:06 pm GMT+3","71","בדיקת זמן תגובה בתנאים שונים - צבע הגירוי או מיקום מרחבי ביחס למוקד הקשב. יתכן שגם תגובה למשולש הצהוב ביחס למקום שבו הייתה המטרה הקודמת.","התעלמתי מהעיגולים הלבנים. כשלחצתי לפעמים זה העיגול הלבן הופיע על העיגול ולפעמים ליד, זה סתם היה נראה לי כמו באג. לא חשבתי על זה בכלל, אז לא...","או לייצר fixation point או לבחון את זמן התגובה ביחס למרחק מהגירוי הקודם, כלומר שאם לפני זה לחצתי על K כי היה גירוי בצד ימין אז ייקח לי יותר זמן ללחוץ על המשולש או משהו כזה.","היה קשוח. אין מיסוך באמצע, זה ישר מתחיל וכל תפיסת הזמן שלך משגעת אותך על כמה זמן זה יכול להימשך... חוץ מזה, נראה שכשטועים אז הצורה ממשיכה עד למטה ולא נותנת לך ללחוץ, אני מניח שזה בכוונה אבל רושם ליתר ביטחון.","50","75","0","0","50","75","70","85","90","90","75","80","6","2","7","1","9","1","3","2","7","7","1","7","7","זכר","25","700","תואר ראשון פסיכולוגיה ותקשורת, שנה ב'","95","ימין","לא","לא","כן - ראייה מתוקנת באמצעות עדשות / משקפיים","קרדיט","","","","","","","","","","","","","","",""
"2020/11/16 1:52:12 pm GMT+3","72","אין מושג..","בכל דבר יש חוקיות","פאזות","בהצלחה","75","100","100","80","100","50","60","90","90","90","80","80","5","1","9","4","7","3","1","1","7","6","3","8","7","זכר","30","710","הנדסה תעשייה וניהול","77","ימין","לא","לא","לא, הראייה שלי תקינה","תשלום","","","","","","","","","","","","","","",""
"2020/11/16 2:27:47 pm GMT+3","72","ריכוז","כאלה שהצלחתי הפכו ללבנים","עוד אלמנט ","לא","60","90","80","80","80","70","70","90","90","90","90","80","3","5","7","3","6","3","5","3","4","5","3","5","3","נקבה","28","650","מדעי המחשב","80","ימין","לא","לא","לא, הראייה שלי תקינה","תשלום","","","","","","","","","","","","","","",""
"2020/11/16 2:50:25 pm GMT+3","73","למדוד זמן תגובה, ריכוז..","לא שמתי לב לחוקיות","לא יודע","לא, תודה","20","40","90","90","50","70","65","40","80","90","90","80","4","5","6","4","6","5","6","5","4","5","4","6","4","זכר","19","800","אין","0","ימין","לא","לא","לא, הראייה שלי תקינה","תשלום","","","","","","","","","","","","","","",""
"2020/11/16 4:00:06 pm GMT+3","74","לבדוק את הדיוק ומהירות התגובה","לא יודעת","בדיקת ערנות וגם גירוי שנועד לבלבל/לשבור שגרה","אין מה להוסיף
","60","99","0","0","50","80","80","80","100","100","100","80","2","1","9","1","9","1","1","1","8","8","1","9","8","נקבה","42","583","לא רלוונטי, אינני סטודנטית","83","ימין","לא","לא","כן - ראייה מתוקנת באמצעות עדשות / משקפיים","תשלום","","","","","","","","","","","","","","",""
"2020/11/16 4:44:15 pm GMT+3","75","לבדוק ריכוזוקוגניציה","לא יודע","להקשות עלינו","לא","10","20","70","70","80","30","50","40","70","70","80","60","4","5","5","5","6","4","4","4","5","5","4","8","5","זכר","34","200","0","0","ימין","לא","לא","לא, הראייה שלי תקינה","תשלום","","","","","","","","","","","","","","",""
"2020/11/16 5:38:34 pm GMT+3","!76","לבדוק ריכוז והבנת הוראות","כן פעמיים מכל אחד אולי","לשמור על ערנות","ההוראות בהתחלה היו ממש לא ברורות, חשבתי שצריך ללחוץ רק שמופיע L","40","95","90","90","95","85","65","60","90","90","90","60","1","1","9","2","9","2","2","1","8","8","1","8","7","נקבה","20","200","אין","0","ימין","לא","כן","כן - ראייה מתוקנת באמצעות עדשות / משקפיים","תשלום","","","","","","","","","","","","","","",""
"2020/11/17 12:01:54 pm GMT+3","77","קשב וריכוז בחושך","שלחצתי בזמן","לגרום לי להסתכל בחלק התחתון של המסך מה גם שהמשולש נשאר באוויר וברגע שנלחץ יוצא כדור בחלק העליון של המסך","המון בהצלחה!!!","50","65","80","80","100","15","40","80","70","80","90","45","1","1","5","7","6","7","9","9","8","5","9","9","1","זכר","21","655","פסיכולוגיה","0 ","ימין","כן - ADD","לא","לא, הראייה שלי תקינה","קרדיט","","","","","","","","","","","","","","",""
"2020/11/17 12:57:46 pm GMT+3","78","בדיקת ריכוז לאורך זמן","כל פעם שלחצתי במקום הנכון","לחזק את בדיקת הריכוז","לא","90","80","100","95","100","70","50","70","90","95","90","90","6","3","7","4","7","3","3","3","6","7","3","7","6","נקבה","23","783","רפואה","94","ימין","לא","לא","לא, הראייה שלי תקינה","תשלום","","","","","","","","","","","","","","",""
"2020/11/17 2:04:15 pm GMT+3","79","קשב וריכוז","כן, לחיצה על המקש המתאים","הסחת דעת","לא","30","100","100","100","100","50","70","100","100","100","100","70","3","1","7","1","8","2","2","7","8","8","1","7","7","נקבה","21","560","מכינה","0","ימין","כן - ADHD","לא","כן - ראייה מתוקנת באמצעות עדשות / משקפיים","תשלום","","","","","","","","","","","","","","",""
"2020/11/17 3:58:41 pm GMT+3","80","בדיקה קוגניטיבית לאורך זמן והאם מתבצעת למידה והרגלים","כן","ליצור שבירה של העין ומקום אליו מסתכלים, לא לצפות לאותו דבר","מאוד מעייף, גורם לניקור קל","10","90","70","30","100","10","10","50","70","70","50","50","8","9","5","5","7","8","6","2","3","5","3","8","4","זכר","24","641","פסיכולוגיה","87","ימין","לא","לא","כן - ראייה מתוקנת באמצעות עדשות / משקפיים","קרדיט","","","","","","","","","","","","","","",""
"2020/11/17 4:59:35 pm GMT+3","81","בדיקת ריכוז ומהירות תגובה","זמנים מסוימים","לרענן ולשנות את הסדר","תודה","60","60","85","85","75","85","90","75","100","100","95","90","2","1","8","2","8","2","1","2","8","9","1","8","8","נקבה","27","620","תזונה","83","ימין","לא","לא","לא, הראייה שלי תקינה","תשלום","","","","","","","","","","","","","","",""
"2020/11/17 6:03:45 pm GMT+3","82","לבדוק זריזות תגובה, את הדרך בה המסרים עוברים והקורלציה עם בין הצבעים לאותיות","כשלחצי נכון הם הפכו ללבנים","לשבור רצף","לא :)","80","80","80","100","100","70","70","80","90","90","90","95","2","1","8","2","8","2","4","2","7","7","2","8","7","נקבה","22","615","פסיכולוגיה חד חוגי","90","שמאל","לא","לא","לא, הראייה שלי תקינה","קרדיט","","","","","","","","","","","","","","",""
"2020/11/18 5:56:16 pm GMT+3","83","בדיקת קשב לאורך זמן (עם קאץ'?)
","חשבתי על זה אבל לא הצלחתי למצוא אותה, חשבתי שאולי העיגול הלבן מחוץ לצדדים מנבא את הצד שממנו יבוא העיגול הבא","עצירה","תודה!","0","0","0","0","0","0","0","70","70","60","30","50","1","1","5","2","6","2","2","2","2","3","2","6","2","נקבה","25","702","פסיכולוגיה ואופקים","0","ימין","לא","לא","לא, הראייה שלי תקינה","תשלום","","","","","","","","","","","","","","",""
"2020/11/18 6:59:08 pm GMT+3","84","לבדוק את הבדלי רמות הריכוז לאורך זמן","כשלחצתי על האות הנכונה","להוציא מהמונוטוניות קצת","לא, תודה :)","60","80","100","100","70","40","40","100","100","100","90","90","1","2","8","2","8","2","6","3","3","8","2","9","7","נקבה","24","625","ריפוי בעיסוק","0","ימין","לא","לא","לא, הראייה שלי תקינה","תשלום","","","","","","","","","","","","","","",""
"2020/11/19 2:24:44 pm GMT+3","85","דיוק וריכוז ","רמת הדיוק והמהירות שבה המשתתף לחץ על האותיות ","לשבור את הרצף למנוע מהמשתתף להתרגל או לצפות את העיגולים הבאים. ","לא","80 ","85","99","99","80","95","95","95","95","75","90","100","3","2","8","8","8","2","2","2","8","8","8","8","8","נקבה","29","600","עבודה סוציאלית ","0","ימין","לא","לא","כן - ראייה מתוקנת באמצעות עדשות / משקפיים","תשלום","","","","","","","","","","","","","","",""
"2020/11/19 3:23:48 pm GMT+3","86","לבדוק את הבעות הפנים בתחילת הניסוי במקרה של טעות ולקראת מהלך וסוף הניסוי אם התגובות השתנו. ובנוסף, האם אנו שמים לב לדפוס התנהגות האותיות ופועלים לפי הדפוס או שמים לב לשינוי.","בעת שלחצנו את הלחצן הנכון.","להעיד על עצירת חוקיות כלשהי.","לא.","70","80","100","100","100","80","80","100","100","100","100","80","1","1","9","2","9","2","1","1","9","9","1","9","9","נקבה","24","660","מדעי המחשב","74","ימין","לא","לא","כן - ראייה מתוקנת באמצעות עדשות / משקפיים","תשלום","","","","","","","","","","","","","","",""
"2020/11/19 4:23:06 pm GMT+3","87","לראות את הירידה בערנות במשך הזמן","חוקיות שלא עליתי עליה","לבלבל אותי ","לא","35","45","20","30","0","30","30","78","70","80","80","67","1","1","5","5","3","4","5","3","5","6","4","6","5","נקבה","24","624","אדריכלות","87.5","ימין","לא","לא","לא, הראייה שלי תקינה","תשלום","","","","","","","","","","","","","","",""
"2020/11/23 12:57:27 pm GMT+3","88","לבדוק ניבוי תוצאות אפשריות ","לא","לבדוק תגובה כשיש פחות לחץ","לא","100","100","0","0","60","30","30","70","70","90","90","100","1","1","6","5","9","1","3","3","7","8","2","7","8","נקבה","23","695","דו חוגי פסיכולוגיה ומדעי הקוגניציה","0","ימין","לא","לא","לא, הראייה שלי תקינה","קרדיט","","","","","","","","","","","","","","",""
"2020/11/24 2:02:16 pm GMT+3","89","לבדוק תפקוד מהירות תגובה לאורך זמן, בתלות של צבעים מיקומים.","לפי המהירות שבה לחצתי עליהם","לספק הפסקה כלשהי בין רצפים","לא","100","100","100","100","100","50","50","30","100","100","100","100","1","1","7","4","8","2","5","4","8","7","1","9","7","נקבה","23","626","פסיכולוגיה ושירותי אנוש","0","ימין","לא","לא","לא, הראייה שלי תקינה","קרדיט","","","","","","","","","","","","","","",""
"2020/11/25 1:26:21 pm GMT+3","90","זמן תגובה של המוח","ככל שלוחצים מהר יותר","להסיח את הרצף ולהזיז את הידים","לא","20","70","80","50","90","40","60","30","80","90","100","90","3","4","6","4","7","3","3","3","2","4","5","4","5","נקבה","23","629","פסיכולוגיה","0","ימין","כן - ADHD","לא","לא, הראייה שלי תקינה","קרדיט","","","","","","","","","","","","","","",""
"2020/11/25 2:29:03 pm GMT+3","91","לבדוק דרכי חשיבה/ תגובת המוח","כל פעם שהייתה תשובה נכונה במהירות כלשהי","לעשות רווח","כן, הייתי שמחה אם היה שעון לסיום המשחק.. קצת הטרידה אותי המחשבה של כמה זמן עוד צריך להיות מרוכזים","0","0","100","100","100","99","100","100","100","100","95","100","1","1","6","1","8","1","5","1","5","4","2","8","8","נקבה","29","500","ללא","0","ימין","לא","לא","לא, הראייה שלי תקינה","תשלום","","","","","","","","","","","","","","",""
"2020/11/26 1:29:38 pm GMT+3","92","בידקת קורדינצייה","לא","בדיקת עירנות","לא","50","80","60","40","50","80","70","80","70","80","80","90","3","1","8","6","7","4","4","4","6","6","6","5","5","זכר","31","430","ניהול ופסיכולוגיה","76","ימין","לא","לא","כן - ראייה מתוקנת באמצעות עדשות / משקפיים","תשלום","","","","","","","","","","","","","","",""
"2020/11/26 3:28:29 pm GMT+3","93","השפעה של תבניות חוזרות על הביצוע","כן","חציצה בין כל תבנית ","לא","85","60","90","90","90","40","50","90","90","90","90","80","4","3","6","3","6","4","6","4","6","7","3","6","6","נקבה","23","650","פסיכולוגיה ","92","ימין","לא","לא","לא, הראייה שלי תקינה","תשלום","","","","","","","","","","","","","","",""
"2020/11/26 3:39:46 pm GMT+3","94","זמן תגובה","לא","בחינת ריכוז צדדי","באופן אישי היה לי יותר קל להתרכז בעיגולים החיצוניים מאשר בפנימיים ","80","80","100","100","90","70","75","100","100","100","85","100","7","6","8","2","9","2","6","6","9","9","3","9","9","זכר","27","670","הנדסה","80","ימין","לא","לא","לא, הראייה שלי תקינה","תשלום","","","","","","","","","","","","","","",""
"2020/11/26 4:40:52 pm GMT+3","95","לבדוק את השפעת העיגול הלבן-אפרסקי (שמופיע לאחר שלוחצים על המקש הנכון) על יכולת ההתמקדות
","מענה מהיר ונכון (למען האמת לא התייחסתי לחוקיות, פשוט לסיבת הקיום שלהם)","""הפסקת רענון"" ברצף הכדורים או בלבול ","היה נחמד :)","35","40","0 ","0","0","80","70","15","80","85","55","90","5","2","6","8","8","3","3","4","7","9","3","8","8","נקבה","19","600","לא סטודנטית, אין לי פסיכומטרי","0","ימין","לא","לא","לא, הראייה שלי תקינה","תשלום","","","","","","","","","","","","","","",""
"2020/11/29 11:31:02 am GMT+3","96","לבדוק מהירות תגובה, אולי לבחון את ההשפעה של התנועה של הכדורים אחרי שהצלחתי ""לתפוס"" אותם (לפעמים עצרו בנטייה לצד מסוים ולפעמים לא)","כן, אני חושבת שהיא הושפעה ממתי לחצתי ואם לחצתי על מקש לא נכון לפני שלחצתי על המקש הנכון","לנטרל את הלחיצות, להוסיף גורם שנמצא באמצע ","לא","60","80","100","90","100","80","70","70","90","90","90","80","1","1","7","3","7","2","2","2","7","8","1","9","6","נקבה","22","732","פסיכולוגיה ומדעי הקוגניציה (שנה א' סמסטר א')","0","ימין","לא","לא","כן - אבל הראייה שלי לא מתוקנת באמצעות עדשות / משקפיים","קרדיט","","","","","","","","","","","","","","",""
"2020/11/29 4:08:21 pm GMT+3","97","לבדוק את הקשר בין צבעים מסוימים ליכולת הצלחה","לא","להוות מעין הפסקה לחידוש הריכוז","לא","75","10","70","60","80","10","45","30","40","70","70","70","3","3","7","6","6","3","3","6","7","7","2","8","8","נקבה","24","587","פסיכולוגיה","0","ימין","לא","לא","כן - ראייה מתוקנת באמצעות עדשות / משקפיים","קרדיט","","","","","","","","","","","","","","",""
"2020/12/01 1:33:54 pm GMT+3","98","לבדוק יכולות מוטוריות ","כל פעם שצדקתי ?","מנוחה","לא","50","100","100","100","100","10","50","30","100","100","80","70","1","1","9","1","9","1","5","1","5","8","1","9","7","נקבה","23","601","פסיכולוגיה ושירותי אנוש- עדיין אין ממוצע סימסטר א","0","ימין","כן - ADD","לא","לא, הראייה שלי תקינה","קרדיט","","","","","","","","","","","","","","",""
"2020/12/01 3:22:56 pm GMT+3","99","לבדוק ריכוז לאורך זמן","לקראת הסוף הייתה חוקיות, ובמשולשים הייתה חוקיות","""לאפס"" את הריכוז","לא","40","0","100","100","100","30","30","80","80","90","90","60","1","1","8","2","8","5","6","1","5","6","6","7","7","נקבה","21","627","מדעי המדינה","0","ימין","לא","לא","לא, הראייה שלי תקינה","תשלום","","","","","","","","","","","","","","",""
"2020/12/02 3:42:02 pm GMT+3","100","קשר בין עיבוד קוגנטיבי למהירות תגובה","לא ששמתי לב אליה","להקשות","לא","30","50","80","80","70","10","10","70","80","90","90","50","5","6","6","2","7","2","2","2","5","6","2","6","5","נקבה","22","590","פסיכולוגיה","0","ימין","לא","לא","לא, הראייה שלי תקינה","קרדיט","","","","","","","","","","","","","","",""
"2020/12/02 4:30:14 pm GMT+3","101","לבחון הפניית קשב","כן, אם לוחצים עליהם בזמן לפני שהם עוברים נקודה מסויימת","ליצור מעין מפצל שיפצל את הקשב מלהתרכז רק בכדורים","לא ","90","90","90","90","100","50","50","90","90","90","90","50","1","3","5","4","7","1","7","2","3","7","2","7","2","נקבה","22","634","פסיכולוגיה","0","ימין","כן - ADHD","לא","לא, הראייה שלי תקינה","קרדיט","","","","","","","","","","","","","","",""
"2020/12/03 3:26:00 pm GMT+3","102","לבדוק את רמת התגובה ","כשלוחצים נכון על המקש בהתאם להוראות","לאפס או להתחיל את החוקיות מחדש "," היה נחמד","60","80","60","20","80","85","100","100","90","100","100","100","1","1","9","2","8","2","5","1","8","9","3","8","6","נקבה","24","400","עבודה סוציאלית","83","ימין","לא","לא","לא, הראייה שלי תקינה","תשלום","","","","","","","","","","","","","","",""
"2020/12/03 5:22:49 pm GMT+3","103","לראות את זמן תגובתי כל פעם שכדור ירד","לא","להוציא אותי מריכוז","לא","70","60","90","60","90","10","20","10","70","80","10","0","6","6","4","7","4","6","4","4","8","5","4","5","3","זכר","27","680","מזרחנות","96","ימין","לא","לא","כן - ראייה מתוקנת באמצעות עדשות / משקפיים","תשלום","","","","","","","","","","","","","","",""
"2020/12/03 6:40:05 pm GMT+3","104","בדיקת ריכוז לאורך זמן","לא","לבדוק עירנות","לא","40","50","0","0","0","60","70","50","50","80","80","90","3","5","7","3","7","3","2","4","9","9","2","9","6","זכר","42","650","מנהל עסקים","80","ימין","לא","כן","לא, הראייה שלי תקינה","תשלום","","","","","","","","","","","","","","",""
"2020/12/10 3:48:12 pm GMT+3","105","לבחון מהירות תגובה","אולי הרגע שבו לחצתי","לפקס אותי קצת יותר","לא","100","100","100","0","100","70","70","60","100","100","100","90","1","1","9","3","9","1","2","1","9","9","1","9","7","נקבה","27","222","קרימינולוגיה","90","ימין","לא","לא","כן - ראייה מתוקנת באמצעות עדשות / משקפיים","תשלום","","","","","","","","","","","","","","",""
"2020/12/10 4:27:23 pm GMT+3","106","פסיכולוגיה קוגניטיבית, אולי משהו שקשור לריכוז ","כל פעם שלוחצים בצורה נכונה על המקשים הנכונים העיגולים הרלוונטים הופכים לעגולים","להחזיר לריכוז כי המטלה מאוד מונוטונית",":)","10","10","100","100","100","3","0","30","30","60","60","60","1","1","8","2","7","2","1","1","8","7","2","7","1","נקבה","23","500","מדעי ההתנהגות","87","ימין","לא","לא","לא, הראייה שלי תקינה","תשלום","","","","","","","","","","","","","","",""