limit_chars,allowed_keys,que,img,ques.thisRepN,ques.thisTrialN,ques.thisN,ques.thisIndex,resp,date,frameRate,expName,participant,Unnamed: 13
"[0, 0]",['return'],intro,1,0,0,0,0,,2019_May_30_1456,119.860386619,demog_exp,77,
"[1, 140]",[],debrief,2,0,1,1,1,םימצע יוהיז הבוגת תוריהמ,2019_May_30_1456,119.860386619,demog_exp,77,
"[1, 140]",[],feedbackRegularity,3,0,2,2,2,תויקוחל בל יתמש אל,2019_May_30_1456,119.860386619,demog_exp,77,
"[1, 140]",[],specifyRegularity,4,0,3,3,3,התייה א,2019_May_30_1456,119.860386619,demog_exp,77,
"[1, 140]",[],addSomething,5,0,4,4,4,אל,2019_May_30_1456,119.860386619,demog_exp,77,
"[0, 0]",['return'],intro,1,0,0,0,0,,2019_May_30_1236,119.866277223,demog_exp,76,
"[1, 140]",[],debrief,2,0,1,1,1,דוקפת לע תועיפשמ תעד תוחסה דציכ קודבל,2019_May_30_1236,119.866277223,demog_exp,76,
"[1, 140]",[],feedbackRegularity,3,0,2,2,2,ןכ,2019_May_30_1236,119.866277223,demog_exp,76,
"[1, 140]",[],specifyRegularity,4,0,3,3,3,םישלושמ ויה יתחלצה אל רשאכ ףסונב ןימיל לאמשמ ףצרב םייעפומ םיעבתה לכ ןמז המכ לכש בל יתמש,2019_May_30_1236,119.866277223,demog_exp,76,
"[1, 140]",[],addSomething,5,0,4,4,4,אל,2019_May_30_1236,119.866277223,demog_exp,76,
"[0, 0]",['return'],intro,1,0,0,0,0,,2019_May_29_1740,119.86153596,demog_exp,75,
"[1, 140]",[],debrief,2,0,1,1,1,םיוסמ ןוויכל הטונו לפונ אוה רשאכ רודכה ןוויכ יפל היצקארה תא קודבל ,2019_May_29_1740,119.86153596,demog_exp,75,
"[1, 140]",[],feedbackRegularity,3,0,2,2,2,הז תא יתשגרה אל,2019_May_29_1740,119.86153596,demog_exp,75,
"[1, 140]",[],specifyRegularity,4,0,3,3,3,התייה אל,2019_May_29_1740,119.86153596,demog_exp,75,
"[1, 140]",[],addSomething,5,0,4,4,4,אל,2019_May_29_1740,119.86153596,demog_exp,75,
"[0, 0]",['return'],intro,1,0,0,0,0,,2019_May_28_1051,119.998320025,demog_exp,69,
"[1, 140]",[],debrief,2,0,1,1,1,הבוגת תוריהמ קודבל,2019_May_28_1051,119.998320025,demog_exp,69,
"[1, 140]",[],feedbackRegularity,3,0,2,2,2,ןבלל ךפהנ אוה ןוכנה עבצה לע םיצחולש םעפ לכ,2019_May_28_1051,119.998320025,demog_exp,69,
"[1, 140]",[],specifyRegularity,4,0,3,3,3,הרורב אל תויקוחה,2019_May_28_1051,119.998320025,demog_exp,69,
"[1, 140]",[],addSomething,5,0,4,4,4,אל,2019_May_28_1051,119.998320025,demog_exp,69,
"[0, 0]",['return'],intro,1,0,0,0,0,,2019_May_29_1531,119.982482564,demog_exp,74,
"[1, 140]",[],debrief,2,0,1,1,1,ץחל יבצמב הדימע,2019_May_29_1531,119.982482564,demog_exp,74,
"[1, 140]",[],feedbackRegularity,3,0,2,2,2,םוקמה ותואמ אצי וירחא רודכה םימעפל רודכ יתספספ רשאכ,2019_May_29_1531,119.982482564,demog_exp,74,
"[1, 140]",[],specifyRegularity,4,0,3,3,3,םוקמ ותואמ אצי וירחא רודכה םיוסמ רודכ יתספספ רשאכ םיתיעל,2019_May_29_1531,119.982482564,demog_exp,74,
"[1, 140]",[],addSomething,5,0,4,4,4,אל,2019_May_29_1531,119.982482564,demog_exp,74,
"[0, 0]",['return'],intro,1,0,0,0,0,,2019_May_28_1429,119.966793204,demog_exp,72,
"[1, 140]",[],debrief,2,0,1,1,1,זוכיר תקידב,2019_May_28_1429,119.966793204,demog_exp,72,
"[1, 140]",[],feedbackRegularity,3,0,2,2,2,אל,2019_May_28_1429,119.966793204,demog_exp,72,
"[1, 140]",[],specifyRegularity,4,0,3,3,3, ,2019_May_28_1429,119.966793204,demog_exp,72,
"[1, 140]",[],addSomething,5,0,4,4,4,אל,2019_May_28_1429,119.966793204,demog_exp,72,
"[0, 0]",['return'],intro,1,0,0,0,0,,2019_May_27_1544,119.99860802,demog_exp,68,
"[1, 140]",[],debrief,2,0,1,1,1,הבוגת תוריהמו בשק קודבל,2019_May_27_1544,119.99860802,demog_exp,68,
"[1, 140]",[],feedbackRegularity,3,0,2,2,2,אל,2019_May_27_1544,119.99860802,demog_exp,68,
"[1, 140]",[],specifyRegularity,4,0,3,3,3,התייה אל,2019_May_27_1544,119.99860802,demog_exp,68,
"[1, 140]",[],addSomething,5,0,4,4,4,אל,2019_May_27_1544,119.99860802,demog_exp,68,
"[0, 0]",['return'],intro,1,0,0,0,0,,2019_May_29_1336,119.99500822600001,demog_exp,73,
"[1, 140]",[],debrief,2,0,1,1,1,תמדוק הלטמב יתרצי ינאו ןכתייש םיילאמודנר םייוריג תעפוה לש סופד ההזמ ינא םאה ןוחבל,2019_May_29_1336,119.99500822600001,demog_exp,73,
"[1, 140]",[],feedbackRegularity,3,0,2,2,2,יל םירכומ םהש בשוח ינא ןכל יתישעש תמדוק הלטממ רכוז ינאו ןכתייש םיסופד ויה לבא תויקוח יתשגרה אל,2019_May_29_1336,119.99500822600001,demog_exp,73,
"[1, 140]",[],specifyRegularity,4,0,3,3,3,תמדוקה הלטמב יתרציש םיסופדה,2019_May_29_1336,119.99500822600001,demog_exp,73,
"[1, 140]",[],addSomething,5,0,4,4,4,אל,2019_May_29_1336,119.99500822600001,demog_exp,73,
"[0, 0]",['return'],intro,1,0,0,0,0,,2019_May_27_1112,119.890995108,demog_exp,65,
"[1, 140]",[],debrief,2,0,1,1,1,םילוגיעה ומכ בהביה אלש שלושמל הבוגתב תויועטה רפסמב יוניש שי םאה קודבל,2019_May_27_1112,119.890995108,demog_exp,65,
"[1, 140]",[],feedbackRegularity,3,0,2,2,2,רחא שקמ לע םדוק תועטב יתצחל אל רמולכ אל וא ןוכנ יתשקה םאה,2019_May_27_1112,119.890995108,demog_exp,65,
"[1, 140]",[],specifyRegularity,4,0,3,3,3,הנוכנ הבוגת,2019_May_27_1112,119.890995108,demog_exp,65,
"[1, 140]",[],addSomething,5,0,4,4,4,תובישח ךכל יתסחיי אל ךא םמוקממ םיזז םילוגיעה םיתיעלש םיוסמ בלשב בל יתמש,2019_May_27_1112,119.890995108,demog_exp,65,
"[0, 0]",['return'],intro,1,0,0,0,0,,2019_May_27_1114,119.91888686899999,demog_exp,66,
"[1, 140]",[],debrief,2,0,1,1,1,זוכיר,2019_May_27_1114,119.91888686899999,demog_exp,66,
"[1, 140]",[],feedbackRegularity,3,0,2,2,2,אל,2019_May_27_1114,119.91888686899999,demog_exp,66,
"[1, 140]",[],specifyRegularity,4,0,3,3,3,תויקוח התיה אל,2019_May_27_1114,119.91888686899999,demog_exp,66,
"[1, 140]",[],addSomething,5,0,4,4,4,אל,2019_May_27_1114,119.91888686899999,demog_exp,66,
"[0, 0]",['return'],intro,1,0,0,0,0,,2019_May_27_1321,120.024388946,demog_exp,67,
"[1, 140]",[],debrief,2,0,1,1,1,הבוגת תוריהמ קודבל,2019_May_27_1321,120.024388946,demog_exp,67,
"[1, 140]",[],feedbackRegularity,3,0,2,2,2,אל,2019_May_27_1321,120.024388946,demog_exp,67,
"[1, 140]",[],specifyRegularity,4,0,3,3,3,אל,2019_May_27_1321,120.024388946,demog_exp,67,
"[1, 140]",[],addSomething,5,0,4,4,4,לבלבמ שלושמ,2019_May_27_1321,120.024388946,demog_exp,67,
"[0, 0]",['return'],intro,1,0,0,0,0,,2019_May_26_1628,119.97312601799999,demog_exp,64,
"[1, 140]",[],debrief,2,0,1,1,1,הבוגת תוריהמ קודבל,2019_May_26_1628,119.97312601799999,demog_exp,64,
"[1, 140]",[],feedbackRegularity,3,0,2,2,2,אל,2019_May_26_1628,119.97312601799999,demog_exp,64,
"[1, 140]",[],specifyRegularity,4,0,3,3,3,ילמודנר היה הז יתעדל,2019_May_26_1628,119.97312601799999,demog_exp,64,
"[1, 140]",[],addSomething,5,0,4,4,4,אל,2019_May_26_1628,119.97312601799999,demog_exp,64,
"[0, 0]",['return'],intro,1,0,0,0,0,,2019_May_23_1628,119.97211847,demog_exp,54,
"[1, 140]",[],debrief,2,0,1,1,1,חומה לש השיפתה תוריהמ תא קודבל,2019_May_23_1628,119.97211847,demog_exp,54,
"[1, 140]",[],feedbackRegularity,3,0,2,2,2,אל,2019_May_23_1628,119.97211847,demog_exp,54,
"[1, 140]",[],specifyRegularity,4,0,3,3,3,תויקוח התייה אל,2019_May_23_1628,119.97211847,demog_exp,54,
"[1, 140]",[],addSomething,5,0,4,4,4,אל,2019_May_23_1628,119.97211847,demog_exp,54,
"[0, 0]",['return'],intro,1,0,0,0,0,,2019_May_26_1608,120.05075746,demog_exp,63,
"[1, 140]",[],debrief,2,0,1,1,1,הבוגתה תוריהמ,2019_May_26_1608,120.05075746,demog_exp,63,
"[1, 140]",[],feedbackRegularity,3,0,2,2,2,ןבלל ךפה לוגיעה ןוכנה שקמה לע תשקה רשאכ,2019_May_26_1608,120.05075746,demog_exp,63,
"[1, 140]",[],specifyRegularity,4,0,3,3,3,המאתהב הנימי םעפ הלאמש םעפ זזו ןבלל ךפוה לוגיעה,2019_May_26_1608,120.05075746,demog_exp,63,
"[1, 140]",[],addSomething,5,0,4,4,4,תונרעו זוכיר ךירצמ,2019_May_26_1608,120.05075746,demog_exp,63,
"[0, 0]",['return'],intro,1,0,0,0,0,,2019_May_26_1602,119.895307414,demog_exp,62,
"[1, 140]",[],debrief,2,0,1,1,1,עדוי אל,2019_May_26_1602,119.895307414,demog_exp,62,
"[1, 140]",[],feedbackRegularity,3,0,2,2,2,ןכ,2019_May_26_1602,119.895307414,demog_exp,62,
"[1, 140]",[],specifyRegularity,4,0,3,3,3,טננימודה דיב םודאה לע תוציחל יתדספהש ללגב ךכ שיגרמ ינא  ןיפולחל וא /םודאה לע תוציחל ןיבו לוחכהו לוגסה רודכה לע הפוצר תוציחל תומכ ןיב רשק היה,2019_May_26_1602,119.895307414,demog_exp,62,
"[1, 140]",[],addSomething,5,0,4,4,4,אל,2019_May_26_1602,119.895307414,demog_exp,62,
"[0, 0]",['return'],intro,1,0,0,0,0,,2019_May_23_1656,119.99630412100001,demog_exp,56,
"[1, 140]",[],debrief,2,0,1,1,1,דיו ןיע תייצנידרואוק,2019_May_23_1656,119.99630412100001,demog_exp,56,
"[1, 140]",[],feedbackRegularity,3,0,2,2,2,אל,2019_May_23_1656,119.99630412100001,demog_exp,56,
"[1, 140]",[],specifyRegularity,4,0,3,3,3,אל,2019_May_23_1656,119.99630412100001,demog_exp,56,
"[1, 140]",[],addSomething,5,0,4,4,4,.יוסינל עגונב והשמ ףיסוהל םיצור םתא םאה,2019_May_23_1656,119.99630412100001,demog_exp,56,
"[0, 0]",['return'],intro,1,0,0,0,0,,2019_May_23_1550,119.99083270700001,demog_exp,53,
"[1, 140]",[],debrief,2,0,1,1,1,תיתעונת הטילקל דע תילאוזיו הטילק תועבצא העונת תבוגת קודבל,2019_May_23_1550,119.99083270700001,demog_exp,53,
"[1, 140]",[],feedbackRegularity,3,0,2,2,2,ןכ,2019_May_23_1550,119.99083270700001,demog_exp,53,
"[1, 140]",[],specifyRegularity,4,0,3,3,3,בוהבה היה הטמל עיגה לוגיעהש ינפל םיאתמה רותפכה לע יתצחלשכ,2019_May_23_1550,119.99083270700001,demog_exp,53,
"[1, 140]",[],addSomething,5,0,4,4,4,אל,2019_May_23_1550,119.99083270700001,demog_exp,53,
"[0, 0]",['return'],intro,1,0,0,0,0,,2019_May_23_1923,119.924207903,demog_exp,59,
"[1, 140]",[],debrief,2,0,1,1,1,ירוטומ ילאזיו רשק,2019_May_23_1923,119.924207903,demog_exp,59,
"[1, 140]",[],feedbackRegularity,3,0,2,2,2, תבשוח אל,2019_May_23_1923,119.924207903,demog_exp,59,
"[1, 140]",[],specifyRegularity,4,0,3,3,3,אל,2019_May_23_1923,119.924207903,demog_exp,59,
"[1, 140]",[],addSomething,5,0,4,4,4,אל,2019_May_23_1923,119.924207903,demog_exp,59,
"[0, 0]",['return'],intro,1,0,0,0,0,,2019_May_23_1240,119.946072247,demog_exp,48,
"[1, 140]",[],debrief,2,0,1,1,1,הבוגת תוריהמ,2019_May_23_1240,119.946072247,demog_exp,48,
"[1, 140]",[],feedbackRegularity,3,0,2,2,2,ןכ,2019_May_23_1240,119.946072247,demog_exp,48,
"[1, 140]",[],specifyRegularity,4,0,3,3,3,ןבלל הנתשה עבצה הציחלה עגרב,2019_May_23_1240,119.946072247,demog_exp,48,
"[1, 140]",[],addSomething,5,0,4,4,4,אל,2019_May_23_1240,119.946072247,demog_exp,48,
"[0, 0]",['return'],intro,1,0,0,0,0,,2019_May_23_1242,120.08939454799999,demog_exp,49,
"[1, 140]",[],debrief,2,0,1,1,1,הבוגת תוריהמ תניחב,2019_May_23_1242,120.08939454799999,demog_exp,49,
"[1, 140]",[],feedbackRegularity,3,0,2,2,2,םהילע יתצחלש רחאל םעבצ תא וניש,2019_May_23_1242,120.08939454799999,demog_exp,49,
"[1, 140]",[],specifyRegularity,4,0,3,3,3,םעבצ תא םינשמ םה ןמזב םיתחמ ינאש עגרב,2019_May_23_1242,120.08939454799999,demog_exp,49,
"[1, 140]",[],addSomething,5,0,4,4,4,אל,2019_May_23_1242,120.08939454799999,demog_exp,49,
"[0, 0]",['return'],intro,1,0,0,0,0,,2019_May_23_1116,119.998752017,demog_exp,47,
"[1, 140]",[],debrief,2,0,1,1,1, .זוכיר קודבל .תונריע קודבל בוהצה שלושמה ךרד וא יתוא לבלבמ בוהצה שלושמה םא קודבלו הבוגת תוריהמ קודבל ,2019_May_23_1116,119.998752017,demog_exp,47,
"[1, 140]",[],feedbackRegularity,3,0,2,2,2,בל יתמש אל,2019_May_23_1116,119.998752017,demog_exp,47,
"[1, 140]",[],specifyRegularity,4,0,3,3,3,יתינע אל,2019_May_23_1116,119.998752017,demog_exp,47,
"[1, 140]",[],addSomething,5,0,4,4,4,אל,2019_May_23_1116,119.998752017,demog_exp,47,
"[0, 0]",['return'],intro,1,0,0,0,0,,2019_May_23_1037,120.104827509,demog_exp,46,
"[1, 140]",[],debrief,2,0,1,1,1,בשק קודבל,2019_May_23_1037,120.104827509,demog_exp,46,
"[1, 140]",[],feedbackRegularity,3,0,2,2,2,אל,2019_May_23_1037,120.104827509,demog_exp,46,
"[1, 140]",[],specifyRegularity,4,0,3,3,3,תויקוח התייהש שגרוה אל,2019_May_23_1037,120.104827509,demog_exp,46,
"[1, 140]",[],addSomething,5,0,4,4,4,החלצהב,2019_May_23_1037,120.104827509,demog_exp,46,
"[0, 0]",['return'],intro,1,0,0,0,0,,2019_May_22_1443,119.972982084,demog_exp,44,
"[1, 140]",[],debrief,2,0,1,1,1,זוכירו הדימל קודבל ,2019_May_22_1443,119.972982084,demog_exp,44,
"[1, 140]",[],feedbackRegularity,3,0,2,2,2,אל,2019_May_22_1443,119.972982084,demog_exp,44,
"[1, 140]",[],specifyRegularity,4,0,3,3,3,אל,2019_May_22_1443,119.972982084,demog_exp,44,
"[1, 140]",[],addSomething,5,0,4,4,4,אל,2019_May_22_1443,119.972982084,demog_exp,44,
"[0, 0]",['return'],intro,1,0,0,0,0,,2019_May_22_1412,119.936577539,demog_exp,43,
"[1, 140]",[],debrief,2,0,1,1,1,הבוגתה תוריהמ לע עבצה תעבשהו זוכירה תגרד קודבל,2019_May_22_1412,119.936577539,demog_exp,43,
"[1, 140]",[],feedbackRegularity,3,0,2,2,2,תויקוח תוהזל יתלוכי אל,2019_May_22_1412,119.936577539,demog_exp,43,
"[1, 140]",[],specifyRegularity,4,0,3,3,3,ןיא,2019_May_22_1412,119.936577539,demog_exp,43,
"[1, 140]",[],addSomething,5,0,4,4,4,אל,2019_May_22_1412,119.936577539,demog_exp,43,
"[0, 0]",['return'],intro,1,0,0,0,0,,2019_May_19_1648,119.958302484,demog_exp,42,
"[1, 140]",[],debrief,2,0,1,1,1,תעדוי אל ,2019_May_19_1648,119.958302484,demog_exp,42,
"[1, 140]",[],feedbackRegularity,3,0,2,2,2,שיש יל שיגרה לבא יתאצמ אלו התוא יתשפיח .ןכ,2019_May_19_1648,119.958302484,demog_exp,42,
"[1, 140]",[],specifyRegularity,4,0,3,3,3, יתיהיז אל,2019_May_19_1648,119.958302484,demog_exp,42,
"[1, 140]",[],addSomething,5,0,4,4,4,אל,2019_May_19_1648,119.958302484,demog_exp,42,
"[0, 0]",['return'],intro,1,0,0,0,0,,2019_May_16_1341,120.02208406700001,demog_exp,40,
"[1, 140]",[],debrief,2,0,1,1,1,םהלש שקמה לע םיצחולש ירחא םהילא םיזז םילוגיעהש םינוויכל רושקש והשמ,2019_May_16_1341,120.02208406700001,demog_exp,40,
"[1, 140]",[],feedbackRegularity,3,0,2,2,2,םיאתמה שקמה לע יצחלשכ עבצ וניש םה,2019_May_16_1341,120.02208406700001,demog_exp,40,
"[1, 140]",[],specifyRegularity,4,0,3,3,3,םיאתמה שקמה לע יתצחלשכ,2019_May_16_1341,120.02208406700001,demog_exp,40,
"[1, 140]",[],addSomething,5,0,4,4,4,אל,2019_May_16_1341,120.02208406700001,demog_exp,40,
"[0, 0]",['return'],intro,1,0,0,0,0,,2019_May_19_1614,119.97384572600001,demog_exp,41,
"[1, 140]",[],debrief,2,0,1,1,1,םינוציח םייוריג תעד תוחסה רחאל דוקימ תלוכיו בשק תיינפה,2019_May_19_1614,119.97384572600001,demog_exp,41,
"[1, 140]",[],feedbackRegularity,3,0,2,2,2,אל,2019_May_19_1614,119.97384572600001,demog_exp,41,
"[1, 140]",[],specifyRegularity,4,0,3,3,3,התייה אל,2019_May_19_1614,119.97384572600001,demog_exp,41,
"[1, 140]",[],addSomething,5,0,4,4,4,תוימינפה רשאמ ןיעל יל תוטלוב רתוי ויה תוינוציחה תורושהש,2019_May_19_1614,119.97384572600001,demog_exp,41,
"[0, 0]",['return'],intro,1,0,0,0,0,,2019_May_16_1211,119.988097188,demog_exp,38,
"[1, 140]",[],debrief,2,0,1,1,1,תויקוח םיחתפצ םא תוארלו םיטקייבואל הבוגת קודבל,2019_May_16_1211,119.988097188,demog_exp,38,
"[1, 140]",[],feedbackRegularity,3,0,2,2,2,אל,2019_May_16_1211,119.988097188,demog_exp,38,
"[1, 140]",[],specifyRegularity,4,0,3,3,3,התיהש תבשוח אל,2019_May_16_1211,119.988097188,demog_exp,38,
"[1, 140]",[],addSomething,5,0,4,4,4,אל,2019_May_16_1211,119.988097188,demog_exp,38,
"[0, 0]",['return'],intro,1,0,0,0,0,,2019_May_16_1049,120.000336007,demog_exp,36,
"[1, 140]",[],debrief,2,0,1,1,1, דרויש אבה רודכה םקומי הפיאל בל םימש םא קודבל,2019_May_16_1049,120.000336007,demog_exp,36,
"[1, 140]",[],feedbackRegularity,3,0,2,2,2,ןכ,2019_May_16_1049,120.000336007,demog_exp,36,
"[1, 140]",[],specifyRegularity,4,0,3,3,3,ןיבהל יתקפסה אלש תויקוח דוע שי .ןימימ היהי וירחא אבה זא ןימי דצב שממ רודכה לשמל םא הלאמש וא הנימי טסומ אוה רודכה לע םיקחולש ירחא,2019_May_16_1049,120.000336007,demog_exp,36,
"[1, 140]",[],addSomething,5,0,4,4,4,אל,2019_May_16_1049,120.000336007,demog_exp,36,
"[0, 0]",['return'],intro,1,0,0,0,0,,2019_May_15_1534,119.919605843,demog_exp,32,
"[1, 140]",[],debrief,2,0,1,1,1,תעדוי אל,2019_May_15_1534,119.919605843,demog_exp,32,
"[1, 140]",[],feedbackRegularity,3,0,2,2,2,תמיוסמ תויקוחל בל יתמש אל,2019_May_15_1534,119.919605843,demog_exp,32,
"[1, 140]",[],specifyRegularity,4,0,3,3,3,אלש יתינע,2019_May_15_1534,119.919605843,demog_exp,32,
"[1, 140]",[],addSomething,5,0,4,4,4,אל,2019_May_15_1534,119.919605843,demog_exp,32,
"[0, 0]",['return'],intro,1,0,0,0,0,,2019_May_15_1507,119.910259205,demog_exp,30,
"[1, 140]",[],debrief,2,0,1,1,1,בשקה הקידב,2019_May_15_1507,119.910259205,demog_exp,30,
"[1, 140]",[],feedbackRegularity,3,0,2,2,2,ןוכנה רותפכה לע יתצחלשכ םעפ לכ,2019_May_15_1507,119.910259205,demog_exp,30,
"[1, 140]",[],specifyRegularity,4,0,3,3,3,תמדוקה הבושתב יתינע,2019_May_15_1507,119.910259205,demog_exp,30,
"[1, 140]",[],addSomething,5,0,4,4,4,אל,2019_May_15_1507,119.910259205,demog_exp,30,
"[0, 0]",['return'],intro,1,0,0,0,0,,2019_May_13_1421,119.99385632399999,demog_exp,26,
"[1, 140]",[],debrief,2,0,1,1,1,שיגרמ הז ךיאו הזב דמוע אוה המכ תוארלוםיבחר ייד םהו ךסמב שיש םינושה םיוריגה לכ רחא בוקעל קדבנה לש תלוכיה תא קודבל,2019_May_13_1421,119.99385632399999,demog_exp,26,
"[1, 140]",[],feedbackRegularity,3,0,2,2,2,םהל םאתש תדלקמב ןוכנה רותפכה תא וצחל רשאכ םעבצ תא וניש םילוגיעה,2019_May_13_1421,119.99385632399999,demog_exp,26,
"[1, 140]",[],specifyRegularity,4,0,3,3,3,קלדנ לוגיעה זא עיפוה אוהש יתמ םיוסמ לוגיעל םאתש רותפכה לכ וצחלש םעפ לכ,2019_May_13_1421,119.99385632399999,demog_exp,26,
"[1, 140]",[],addSomething,5,0,4,4,4,אל,2019_May_13_1421,119.99385632399999,demog_exp,26,
"[0, 0]",['return'],intro,1,0,0,0,0,,2019_May_13_1229,119.935714526,demog_exp,11,
"[1, 140]",[],debrief,2,0,1,1,1,הב הדימעו המישמל םאתהב תובוגתל רושקש והשמ,2019_May_13_1229,119.935714526,demog_exp,11,
"[1, 140]",[],feedbackRegularity,3,0,2,2,2,הילא בל יתמשש אל,2019_May_13_1229,119.935714526,demog_exp,11,
"[1, 140]",[],specifyRegularity,4,0,3,3,3,התיה אל,2019_May_13_1229,119.935714526,demog_exp,11,
"[1, 140]",[],addSomething,5,0,4,4,4,אל,2019_May_13_1229,119.935714526,demog_exp,11,
"[0, 0]",['return'],intro,1,0,0,0,0,,2019_May_13_1201,119.903214114,demog_exp,25,
"[1, 140]",[],debrief,2,0,1,1,1,בשק דוקימ ,2019_May_13_1201,119.903214114,demog_exp,25,
"[1, 140]",[],feedbackRegularity,3,0,2,2,2,..תעדוי אל,2019_May_13_1201,119.903214114,demog_exp,25,
"[1, 140]",[],specifyRegularity,4,0,3,3,3,תויקוח התייהש החוטב אל,2019_May_13_1201,119.903214114,demog_exp,25,
"[1, 140]",[],addSomething,5,0,4,4,4,אל,2019_May_13_1201,119.903214114,demog_exp,25,
"[0, 0]",['return'],intro,1,0,0,0,0,,2019_May_12_1859,119.87777275299999,demog_exp,24,
"[1, 140]",[],debrief,2,0,1,1,1, היצביטומו זוכיר ןוחבל,2019_May_12_1859,119.87777275299999,demog_exp,24,
"[1, 140]",[],feedbackRegularity,3,0,2,2,2,אל,2019_May_12_1859,119.87777275299999,demog_exp,24,
"[1, 140]",[],specifyRegularity,4,0,3,3,3,תויקוח יתאצמ אל,2019_May_12_1859,119.87777275299999,demog_exp,24,
"[1, 140]",[],addSomething,5,0,4,4,4,אל,2019_May_12_1859,119.87777275299999,demog_exp,24,
"[0, 0]",['return'],intro,1,0,0,0,0,,2019_May_12_1331,119.992992412,demog_exp,22,
"[1, 140]",[],debrief,2,0,1,1,1,ךסמה לע עיפוהשכ בוהצה שלושמל בל םש קדבנה םאה,2019_May_12_1331,119.992992412,demog_exp,22,
"[1, 140]",[],feedbackRegularity,3,0,2,2,2,ןכ,2019_May_12_1331,119.992992412,demog_exp,22,
"[1, 140]",[],specifyRegularity,4,0,3,3,3,תויקוחה המ תעדל השק היה לבא התייהש רעשמ ינא,2019_May_12_1331,119.992992412,demog_exp,22,
"[1, 140]",[],addSomething,5,0,4,4,4,אל,2019_May_12_1331,119.992992412,demog_exp,22,
"[0, 0]",['return'],intro,1,0,0,0,0,,2019_May_12_1152,119.962043944,demog_exp,20,
"[1, 140]",[],debrief,2,0,1,1,1,  ןמז ךרואל זוכיר קודבל,2019_May_12_1152,119.962043944,demog_exp,20,
"[1, 140]",[],feedbackRegularity,3,0,2,2,2,אל,2019_May_12_1152,119.962043944,demog_exp,20,
"[1, 140]",[],specifyRegularity,4,0,3,3,3,תמיוסמ תויקוח התיה אל יתעדל,2019_May_12_1152,119.962043944,demog_exp,20,
"[1, 140]",[],addSomething,5,0,4,4,4,אל,2019_May_12_1152,119.962043944,demog_exp,20,
"[0, 0]",['return'],intro,1,0,0,0,0,,2019_May_12_1224,119.992992412,demog_exp,21,
"[1, 140]",[],debrief,2,0,1,1,1,הגופה ירחא דוקפת לש הקידב,2019_May_12_1224,119.992992412,demog_exp,21,
"[1, 140]",[],feedbackRegularity,3,0,2,2,2,אל,2019_May_12_1224,119.992992412,demog_exp,21,
"[1, 140]",[],specifyRegularity,4,0,3,3,3,יתעדל תויקוח התייה אל,2019_May_12_1224,119.992992412,demog_exp,21,
"[1, 140]",[],addSomething,5,0,4,4,4,החלצהב .דואמ דמחנ יוסינ .אל,2019_May_12_1224,119.992992412,demog_exp,21,
"[0, 0]",['return'],intro,1,0,0,0,0,,2019_May_12_1127,120.00436808,demog_exp,19,
"[1, 140]",[],debrief,2,0,1,1,1,זוכיר תוערפהו בל תמושת קודבל,2019_May_12_1127,120.00436808,demog_exp,19,
"[1, 140]",[],feedbackRegularity,3,0,2,2,2,ןכ,2019_May_12_1127,120.00436808,demog_exp,19,
"[1, 140]",[],specifyRegularity,4,0,3,3,3,ונתשה םירודכה תועט לכ ירחא,2019_May_12_1127,120.00436808,demog_exp,19,
"[1, 140]",[],addSomething,5,0,4,4,4,אל,2019_May_12_1127,120.00436808,demog_exp,19,
"[0, 0]",['return'],intro,1,0,0,0,0,,2019_May_07_1738,120.104106249,demog_exp,19,
"[1, 140]",[],debrief,2,0,1,1,1,עדוי אל,2019_May_07_1738,120.104106249,demog_exp,19,
"[1, 140]",[],feedbackRegularity,3,0,2,2,2,תויקוח התייה אל,2019_May_07_1738,120.104106249,demog_exp,19,
"[1, 140]",[],specifyRegularity,4,0,3,3,3,תמדוקה הלאשב אל יתינע,2019_May_07_1738,120.104106249,demog_exp,19,
"[1, 140]",[],addSomething,5,0,4,4,4,אל,2019_May_07_1738,120.104106249,demog_exp,19,
"[0, 0]",['return'],intro,1,0,0,0,0,,2019_May_07_1640,119.974853261,demog_exp,16,
"[1, 140]",[],debrief,2,0,1,1,1,המצע לע תרזוחה הלטמ עוציב רחאל תונריעה תא דודמל ,2019_May_07_1640,119.974853261,demog_exp,16,
"[1, 140]",[],feedbackRegularity,3,0,2,2,2,םישקמה לע יתצחל הבש בצקה ילוא,2019_May_07_1640,119.974853261,demog_exp,16,
"[1, 140]",[],specifyRegularity,4,0,3,3,3,הנתשמ לוגיעה עבצ תוריהמ תוציחל שולש  ירחא,2019_May_07_1640,119.974853261,demog_exp,16,
"[1, 140]",[],addSomething,5,0,4,4,4,אל,2019_May_07_1640,119.974853261,demog_exp,16,
"[0, 0]",['return'],intro,1,0,0,0,0,,2019_May_07_1039,120.06142340299999,demog_exp,12,
"[1, 140]",[],debrief,2,0,1,1,1,תוריהמ קודבל ,2019_May_07_1039,120.06142340299999,demog_exp,12,
"[1, 140]",[],feedbackRegularity,3,0,2,2,2,תעדוי אל,2019_May_07_1039,120.06142340299999,demog_exp,12,
"[1, 140]",[],specifyRegularity,4,0,3,3,3,תויקוח התייה םא בל יתמש אל,2019_May_07_1039,120.06142340299999,demog_exp,12,
"[1, 140]",[],addSomething,5,0,4,4,4,אל,2019_May_07_1039,120.06142340299999,demog_exp,12,
"[0, 0]",['return'],intro,1,0,0,0,0,,2019_May_06_1700,120.06791041700001,demog_exp,10,
"[1, 140]",[],debrief,2,0,1,1,1,תלבלבמ דואמ התיה םג םילוגיעה לש הזוזתהו םיקזבהה ץגניטפיש טסב רושקש והשמ ילוא,2019_May_06_1700,120.06791041700001,demog_exp,10,
"[1, 140]",[],feedbackRegularity,3,0,2,2,2,ןמזב ןוכנה שקמב םיעגופ םא ןבלל,2019_May_06_1700,120.06791041700001,demog_exp,10,
"[1, 140]",[],specifyRegularity,4,0,3,3,3,ןמזב ןוכנה שקמב םיעגופש הדימב ןבלל,2019_May_06_1700,120.06791041700001,demog_exp,10,
"[1, 140]",[],addSomething,5,0,4,4,4,אל,2019_May_06_1700,120.06791041700001,demog_exp,10,
"[0, 0]",['return'],intro,1,0,0,0,0,,2019_May_06_1520,119.951971235,demog_exp,6,
"[1, 140]",[],debrief,2,0,1,1,1,יוריגל הבוגתה תא קודבל ,2019_May_06_1520,119.951971235,demog_exp,6,
"[1, 140]",[],feedbackRegularity,3,0,2,2,2,יהשלכ תויקוחל בל יתמש אל,2019_May_06_1520,119.951971235,demog_exp,6,
"[1, 140]",[],specifyRegularity,4,0,3,3,3,אל,2019_May_06_1520,119.951971235,demog_exp,6,
"[1, 140]",[],addSomething,5,0,4,4,4,םידרמן םימשמ ףייעמ םיידיל םוקמ ןיאש חנ אל תצק,2019_May_06_1520,119.951971235,demog_exp,6,
"[0, 0]",['return'],intro,1,0,0,0,0,,2019_May_06_1533,119.983490286,demog_exp,9,
"[1, 140]",[],debrief,2,0,1,1,1,םייונישל ילש הבוגתה תלוכי תא קודבל,2019_May_06_1533,119.983490286,demog_exp,9,
"[1, 140]",[],feedbackRegularity,3,0,2,2,2,אל,2019_May_06_1533,119.983490286,demog_exp,9,
"[1, 140]",[],specifyRegularity,4,0,3,3,3,ייניעב תויקוח התייה אל,2019_May_06_1533,119.983490286,demog_exp,9,
"[1, 140]",[],addSomething,5,0,4,4,4,הדות,2019_May_06_1533,119.983490286,demog_exp,9,
"[0, 0]",['return'],intro,1,0,0,0,0,,2019_May_05_1056,119.922194446,demog_exp,7,
"[1, 140]",[],debrief,2,0,1,1,1,ףתתשמה לש זוכירה תמר תקידב,2019_May_05_1056,119.922194446,demog_exp,7,
"[1, 140]",[],feedbackRegularity,3,0,2,2,2,אל,2019_May_05_1056,119.922194446,demog_exp,7,
"[1, 140]",[],specifyRegularity,4,0,3,3,3,עדוי אל,2019_May_05_1056,119.922194446,demog_exp,7,
"[1, 140]",[],addSomething,5,0,4,4,4,ףיסוהל המ יל ןיא,2019_May_05_1056,119.922194446,demog_exp,7,
"[0, 0]",['return'],intro,1,0,0,0,0,,2019_May_02_1452,119.91169708,demog_exp,5,
"[1, 140]",[],debrief,2,0,1,1,1,עדוי אל,2019_May_02_1452,119.91169708,demog_exp,5,
"[1, 140]",[],feedbackRegularity,3,0,2,2,2,אל,2019_May_02_1452,119.91169708,demog_exp,5,
"[1, 140]",[],specifyRegularity,4,0,3,3,3,ןיא,2019_May_02_1452,119.91169708,demog_exp,5,
"[1, 140]",[],addSomething,5,0,4,4,4,שלושמה תעפוה וא םיעבצה רדס לע עיפשה אל הז לבא םינוש תומוקמב ויה םיקזבהש בל יתמש .םיחונ אל הבשי יאנת,2019_May_02_1452,119.91169708,demog_exp,5,
"[0, 0]",['return'],intro,1,0,0,0,0,,2019_May_01_1822,120.037499721,demog_exp,4,
"[1, 140]",[],debrief,2,0,1,1,1, ופוסל יוסינ תליחת ןיב לדבה שי םאהו הבוגת ןמז תקידב,2019_May_01_1822,120.037499721,demog_exp,4,
"[1, 140]",[],feedbackRegularity,3,0,2,2,2,םילוגיעה לש םעבצל בל יתמש אל,2019_May_01_1822,120.037499721,demog_exp,4,
"[1, 140]",[],specifyRegularity,4,0,3,3,3,תמיוסמ תויקוח התייהש יתינע אל,2019_May_01_1822,120.037499721,demog_exp,4,
"[1, 140]",[],addSomething,5,0,4,4,4,אל,2019_May_01_1822,120.037499721,demog_exp,4,
"[0, 0]",['return'],intro,1,0,0,0,0,,2019_May_01_1122,120.04773097799999,demog_exp,1,
"[1, 140]",[],debrief,2,0,1,1,1,תובוגת קוידו תוריהמ תניחב,2019_May_01_1122,120.04773097799999,demog_exp,1,
"[1, 140]",[],feedbackRegularity,3,0,2,2,2,אל,2019_May_01_1122,120.04773097799999,demog_exp,1,
"[1, 140]",[],specifyRegularity,4,0,3,3,3,ךכ יתינע אל,2019_May_01_1122,120.04773097799999,demog_exp,1,
"[1, 140]",[],addSomething,5,0,4,4,4,אל,2019_May_01_1122,120.04773097799999,demog_exp,1,
"[0, 0]",['return'],intro,1,0,0,0,0,,2019_May_28_1310,119.92895402100001,demog_exp,71,
"[1, 140]",[],debrief,2,0,1,1,1,חל תחת הבוגת ןמז קודבל ,2019_May_28_1310,119.92895402100001,demog_exp,71,
"[1, 140]",[],feedbackRegularity,3,0,2,2,2,הציחל רחאל םידדצל םילוגיעה תודונת,2019_May_28_1310,119.92895402100001,demog_exp,71,
"[1, 140]",[],specifyRegularity,4,0,3,3,3,םייוסמ דצל וזז תודוקנה םיתיעל הנוכנ הציחל ירחא,2019_May_28_1310,119.92895402100001,demog_exp,71,
"[1, 140]",[],addSomething,5,0,4,4,4,אל,2019_May_28_1310,119.92895402100001,demog_exp,71,
"[0, 0]",['return'],intro,1,0,0,0,0,,2019_May_28_1133,119.988241119,demog_exp,70,
"[1, 140]",[],debrief,2,0,1,1,1,תועבצאב השוחתל םאתהב הבוגת ןמז ,2019_May_28_1133,119.988241119,demog_exp,70,
"[1, 140]",[],feedbackRegularity,3,0,2,2,2,אל,2019_May_28_1133,119.988241119,demog_exp,70,
"[1, 140]",[],specifyRegularity,4,0,3,3,3,אל,2019_May_28_1133,119.988241119,demog_exp,70,
"[1, 140]",[],addSomething,5,0,4,4,4,אל,2019_May_28_1133,119.988241119,demog_exp,70,
"[0, 0]",['return'],intro,1,0,0,0,0,,2019_May_26_1559,119.982482564,demog_exp,61,
"[1, 140]",[],debrief,2,0,1,1,1,ךסמה לע םייניע תזוזת,2019_May_26_1559,119.982482564,demog_exp,61,
"[1, 140]",[],feedbackRegularity,3,0,2,2,2,אל,2019_May_26_1559,119.982482564,demog_exp,61,
"[1, 140]",[],specifyRegularity,4,0,3,3,3,התייה אל,2019_May_26_1559,119.982482564,demog_exp,61,
"[1, 140]",[],addSomething,5,0,4,4,4,אל,2019_May_26_1559,119.982482564,demog_exp,61,
"[0, 0]",['return'],intro,1,0,0,0,0,,2019_May_26_1126,119.96521004799999,demog_exp,60,
"[1, 140]",[],debrief,2,0,1,1,1,זוכירו תועבצאב הטילש,2019_May_26_1126,119.96521004799999,demog_exp,60,
"[1, 140]",[],feedbackRegularity,3,0,2,2,2,אל,2019_May_26_1126,119.96521004799999,demog_exp,60,
"[1, 140]",[],specifyRegularity,4,0,3,3,3,ץ,2019_May_26_1126,119.96521004799999,demog_exp,60,
"[1, 140]",[],addSomething,5,0,4,4,4,אל,2019_May_26_1126,119.96521004799999,demog_exp,60,
"[0, 0]",['return'],intro,1,0,0,0,0,,2019_May_23_1907,119.89645742,demog_exp,58,
"[1, 140]",[],debrief,2,0,1,1,1,השקה תוריהמ קודבל,2019_May_23_1907,119.89645742,demog_exp,58,
"[1, 140]",[],feedbackRegularity,3,0,2,2,2,אל,2019_May_23_1907,119.89645742,demog_exp,58,
"[1, 140]",[],specifyRegularity,4,0,3,3,3,ןיא,2019_May_23_1907,119.89645742,demog_exp,58,
"[1, 140]",[],addSomething,5,0,4,4,4,אל,2019_May_23_1907,119.89645742,demog_exp,58,
"[0, 0]",['return'],intro,1,0,0,0,0,,2019_May_23_1834,119.953554,demog_exp,57,
"[1, 140]",[],debrief,2,0,1,1,1,זוכיר לע הרימשו הבוגת תוריהמ קודבל,2019_May_23_1834,119.953554,demog_exp,57,
"[1, 140]",[],feedbackRegularity,3,0,2,2,2,רהמ קיפסמ םיאתמה שקמה לע יצחלשכ,2019_May_23_1834,119.953554,demog_exp,57,
"[1, 140]",[],specifyRegularity,4,0,3,3,3,רהמ קיפסמ םיאתמה שקמה לע יצחלשכ עבצ יוניש,2019_May_23_1834,119.953554,demog_exp,57,
"[1, 140]",[],addSomething,5,0,4,4,4,אל,2019_May_23_1834,119.953554,demog_exp,57,
"[0, 0]",['return'],intro,1,0,0,0,0,,2019_May_23_1649,120.03173637399999,demog_exp,55,
"[1, 140]",[],debrief,2,0,1,1,1,תרושקתב תוערפהב יוסינ,2019_May_23_1649,120.03173637399999,demog_exp,55,
"[1, 140]",[],feedbackRegularity,3,0,2,2,2,אל,2019_May_23_1649,120.03173637399999,demog_exp,55,
"[1, 140]",[],specifyRegularity,4,0,3,3,3,היה אלש תבשוח,2019_May_23_1649,120.03173637399999,demog_exp,55,
"[1, 140]",[],addSomething,5,0,4,4,4,אל,2019_May_23_1649,120.03173637399999,demog_exp,55,
"[0, 0]",['return'],intro,1,0,0,0,0,,2019_May_23_1540,119.942907195,demog_exp,52,
"[1, 140]",[],debrief,2,0,1,1,1,םישלושמהמ תעדה תחסה תורמל םילוגיע םיתחהל רשפא םאה קודבל,2019_May_23_1540,119.942907195,demog_exp,52,
"[1, 140]",[],feedbackRegularity,3,0,2,2,2,ןבלל ךפה אוה לוגיעל םיאתמה רותפכה לע יתצחל רשאכ .ןכ,2019_May_23_1540,119.942907195,demog_exp,52,
"[1, 140]",[],specifyRegularity,4,0,3,3,3,ןבלל הנתשה לוגיעה עבצ הנוכנ הציחל יתצחל רשאכ,2019_May_23_1540,119.942907195,demog_exp,52,
"[1, 140]",[],addSomething,5,0,4,4,4,אל,2019_May_23_1540,119.942907195,demog_exp,52,
"[0, 0]",['return'],intro,1,0,0,0,0,,2019_May_23_1420,120.01761858799999,demog_exp,51,
"[1, 140]",[],debrief,2,0,1,1,1,םינוש םייוריגל תובוגת קודבל,2019_May_23_1420,120.01761858799999,demog_exp,51,
"[1, 140]",[],feedbackRegularity,3,0,2,2,2,אל,2019_May_23_1420,120.01761858799999,demog_exp,51,
"[1, 140]",[],specifyRegularity,4,0,3,3,3,התייה אל,2019_May_23_1420,120.01761858799999,demog_exp,51,
"[1, 140]",[],addSomething,5,0,4,4,4,אל,2019_May_23_1420,120.01761858799999,demog_exp,51,
"[0, 0]",['return'],intro,1,0,0,0,0,,2019_May_23_1250,120.02856680000001,demog_exp,50,
"[1, 140]",[],debrief,2,0,1,1,1,םיוסמ ןמז קרפ רחאל תמיוסמ הדוקנב בשקה תמר תא וא זוכירה תמר תא קודבל,2019_May_23_1250,120.02856680000001,demog_exp,50,
"[1, 140]",[],feedbackRegularity,3,0,2,2,2,ירמגל תילמודנר התייה הריחה ייניעב איהששלכ תויקוח התייה אל,2019_May_23_1250,120.02856680000001,demog_exp,50,
"[1, 140]",[],specifyRegularity,4,0,3,3,3,תויקוח התייה אל,2019_May_23_1250,120.02856680000001,demog_exp,50,
"[1, 140]",[],addSomething,5,0,4,4,4,אל,2019_May_23_1250,120.02856680000001,demog_exp,50,
"[0, 0]",['return'],intro,1,0,0,0,0,,2019_May_16_1201,119.950388512,demog_exp,37,
"[1, 140]",[],debrief,2,0,1,1,1,הבוגת תוריהמ קודבל,2019_May_16_1201,119.950388512,demog_exp,37,
"[1, 140]",[],feedbackRegularity,3,0,2,2,2,ןבל עצבנ אוה זא לוגיע םיתחהל יתחלצה םא,2019_May_16_1201,119.950388512,demog_exp,37,
"[1, 140]",[],specifyRegularity,4,0,3,3,3,ןבל היהנ לוגיעה  המתחה תעב,2019_May_16_1201,119.950388512,demog_exp,37,
"[1, 140]",[],addSomething,5,0,4,4,4,אל,2019_May_16_1201,119.950388512,demog_exp,37,
"[0, 0]",['return'],intro,1,0,0,0,0,,2019_May_22_1620,120.124593228,demog_exp,45,
"[1, 140]",[],debrief,2,0,1,1,1,שלושמה ומכ יופצ אל יוריג ןתינהב הבוגת תעפשה,2019_May_22_1620,120.124593228,demog_exp,45,
"[1, 140]",[],feedbackRegularity,3,0,2,2,2,ןבלל ךפוה אוה ןמזב לוגיעה לע םיצחול רשאכ,2019_May_22_1620,120.124593228,demog_exp,45,
"[1, 140]",[],specifyRegularity,4,0,3,3,3,ןמזב לוגיעה לע םיצחולש,2019_May_22_1620,120.124593228,demog_exp,45,
"[1, 140]",[],addSomething,5,0,4,4,4,אל,2019_May_22_1620,120.124593228,demog_exp,45,
"[0, 0]",['return'],intro,1,0,0,0,0,,2019_May_14_1154,119.957295269,demog_exp,29,
"[1, 140]",[],debrief,2,0,1,1,1,גשומ יל ןיא הזה בלשב,2019_May_14_1154,119.957295269,demog_exp,29,
"[1, 140]",[],feedbackRegularity,3,0,2,2,2,ןכ,2019_May_14_1154,119.957295269,demog_exp,29,
"[1, 140]",[],specifyRegularity,4,0,3,3,3,ןוכנ ןומזתב תלקדמב םאותה שקמה ץחלנ םא םילוגיעה לש םיקזבה,2019_May_14_1154,119.957295269,demog_exp,29,
"[1, 140]",[],addSomething,5,0,4,4,4,הדות הלועמ רדחב רוריק ריווא גוזימה,2019_May_14_1154,119.957295269,demog_exp,29,
"[0, 0]",['return'],intro,1,0,0,0,0,,2019_May_15_1546,119.927228162,demog_exp,33,
"[1, 140]",[],debrief,2,0,1,1,1,היציביהניא לש הקידב,2019_May_15_1546,119.927228162,demog_exp,33,
"[1, 140]",[],feedbackRegularity,3,0,2,2,2,אל,2019_May_15_1546,119.927228162,demog_exp,33,
"[1, 140]",[],specifyRegularity,4,0,3,3,3,הנוכנ הציחל,2019_May_15_1546,119.927228162,demog_exp,33,
"[1, 140]",[],addSomething,5,0,4,4,4,אל,2019_May_15_1546,119.927228162,demog_exp,33,
"[0, 0]",['return'],intro,1,0,0,0,0,,2019_May_14_1104,119.955280554,demog_exp,28,
"[1, 140]",[],debrief,2,0,1,1,1,תעדוי אל,2019_May_14_1104,119.955280554,demog_exp,28,
"[1, 140]",[],feedbackRegularity,3,0,2,2,2,יהמ יתנבה אל לבא ןכש החינמ,2019_May_14_1104,119.955280554,demog_exp,28,
"[1, 140]",[],specifyRegularity,4,0,3,3,3,התוא יתנבה אל,2019_May_14_1104,119.955280554,demog_exp,28,
"[1, 140]",[],addSomething,5,0,4,4,4,אל,2019_May_14_1104,119.955280554,demog_exp,28,
"[0, 0]",['return'],intro,1,0,0,0,0,,2019_May_16_1320,119.941612422,demog_exp,39,
"[1, 140]",[],debrief,2,0,1,1,1,תוזירז ידכ ךות זוכיר תקידב,2019_May_16_1320,119.941612422,demog_exp,39,
"[1, 140]",[],feedbackRegularity,3,0,2,2,2,אל,2019_May_16_1320,119.941612422,demog_exp,39,
"[1, 140]",[],specifyRegularity,4,0,3,3,3,תעדוי אל,2019_May_16_1320,119.941612422,demog_exp,39,
"[1, 140]",[],addSomething,5,0,4,4,4,אל,2019_May_16_1320,119.941612422,demog_exp,39,
"[0, 0]",['return'],intro,1,0,0,0,0,,2019_May_16_1045,119.978163969,demog_exp,35,
"[1, 140]",[],debrief,2,0,1,1,1,בשקו תונריע קודבל ,2019_May_16_1045,119.978163969,demog_exp,35,
"[1, 140]",[],feedbackRegularity,3,0,2,2,2,ןמזב יתצחלשכ קר ןכ,2019_May_16_1045,119.978163969,demog_exp,35,
"[1, 140]",[],specifyRegularity,4,0,3,3,3, ןושאר ןוכנה לע יתצחלשכ קרו ףוסל ועיגה םהש יינפל יתצחלשכ קר,2019_May_16_1045,119.978163969,demog_exp,35,
"[1, 140]",[],addSomething,5,0,4,4,4,אל,2019_May_16_1045,119.978163969,demog_exp,35,
"[0, 0]",['return'],intro,1,0,0,0,0,,2019_May_15_1616,119.994144297,demog_exp,34,
"[1, 140]",[],debrief,2,0,1,1,1,ילוא הבוג וריהמ ,2019_May_15_1616,119.994144297,demog_exp,34,
"[1, 140]",[],feedbackRegularity,3,0,2,2,2,אל,2019_May_15_1616,119.994144297,demog_exp,34,
"[1, 140]",[],specifyRegularity,4,0,3,3,3,אל,2019_May_15_1616,119.994144297,demog_exp,34,
"[1, 140]",[],addSomething,5,0,4,4,4,אל,2019_May_15_1616,119.994144297,demog_exp,34,
"[0, 0]",['return'],intro,1,0,0,0,0,,2019_May_15_1526,120.01516992100001,demog_exp,31,
"[1, 140]",[],debrief,2,0,1,1,1,ונושה טורוצה ןומיס לע הטילש יל שיש שיגרמ ינא םאה קודבל ,2019_May_15_1526,120.01516992100001,demog_exp,31,
"[1, 140]",[],feedbackRegularity,3,0,2,2,2,ןמזב הריהמה הציחלה,2019_May_15_1526,120.01516992100001,demog_exp,31,
"[1, 140]",[],specifyRegularity,4,0,3,3,3,ןטינש רטויב ההובגה טוריהמב לוגיעה ןומיס,2019_May_15_1526,120.01516992100001,demog_exp,31,
"[1, 140]",[],addSomething,5,0,4,4,4,אל,2019_May_15_1526,120.01516992100001,demog_exp,31,
"[0, 0]",['return'],intro,1,0,0,0,0,,2019_May_07_1702,119.924639341,demog_exp,17,
"[1, 140]",[],debrief,2,0,1,1,1,עיפשמ שלושמ תועצאמב לובלבה דציכ קודבל,2019_May_07_1702,119.924639341,demog_exp,17,
"[1, 140]",[],feedbackRegularity,3,0,2,2,2,יתאצמ אל,2019_May_07_1702,119.924639341,demog_exp,17,
"[1, 140]",[],specifyRegularity,4,0,3,3,3,יטנוולר אל,2019_May_07_1702,119.924639341,demog_exp,17,
"[1, 140]",[],addSomething,5,0,4,4,4,אל,2019_May_07_1702,119.924639341,demog_exp,17,
"[0, 0]",['return'],intro,1,0,0,0,0,,2019_May_12_1803,119.910834351,demog_exp,23,
"[1, 140]",[],debrief,2,0,1,1,1,.תוזירזל קויד ןיב רשקה תא קודבל,2019_May_12_1803,119.910834351,demog_exp,23,
"[1, 140]",[],feedbackRegularity,3,0,2,2,2,.ןכ,2019_May_12_1803,119.910834351,demog_exp,23,
"[1, 140]",[],specifyRegularity,4,0,3,3,3,.יעצמאה שקמהמ טרפ רהוזל ךפוה אוה םלענ אוהש ינפל ןוכנה שקמה לע ןמזב םיצחול םא,2019_May_12_1803,119.910834351,demog_exp,23,
"[1, 140]",[],addSomething,5,0,4,4,4,.ןיינעמ היה יוסינה,2019_May_12_1803,119.910834351,demog_exp,23,
"[0, 0]",['return'],intro,1,0,0,0,0,,2019_May_07_1632,120.069207887,demog_exp,15,
"[1, 140]",[],debrief,2,0,1,1,1,תעדוי אל,2019_May_07_1632,120.069207887,demog_exp,15,
"[1, 140]",[],feedbackRegularity,3,0,2,2,2,אל,2019_May_07_1632,120.069207887,demog_exp,15,
"[1, 140]",[],specifyRegularity,4,0,3,3,3,אל,2019_May_07_1632,120.069207887,demog_exp,15,
"[1, 140]",[],addSomething,5,0,4,4,4,אל,2019_May_07_1632,120.069207887,demog_exp,15,
"[0, 0]",['return'],intro,1,0,0,0,0,,2019_May_05_1826,119.81758970700001,demog_exp,8,
"[1, 140]",[],debrief,2,0,1,1,1,םימצעה תוגהנתהב םייונישל סחיב םינתשמ עוציב יכילהת תוהזל ,2019_May_05_1826,119.81758970700001,demog_exp,8,
"[1, 140]",[],feedbackRegularity,3,0,2,2,2,בל יתמשש אל,2019_May_05_1826,119.81758970700001,demog_exp,8,
"[1, 140]",[],specifyRegularity,4,0,3,3,3,התייהש יתשגרה אל,2019_May_05_1826,119.81758970700001,demog_exp,8,
"[1, 140]",[],addSomething,5,0,4,4,4,אל,2019_May_05_1826,119.81758970700001,demog_exp,8,
"[0, 0]",['return'],intro,1,0,0,0,0,,2019_May_01_1337,119.90838997600001,demog_exp,2,
"[1, 140]",[],debrief,2,0,1,1,1,תמייוסמ הפוקתל המישמ התוא תא תושעלב סנרלוטה ףס קודבל,2019_May_01_1337,119.90838997600001,demog_exp,2,
"[1, 140]",[],feedbackRegularity,3,0,2,2,2,אל,2019_May_01_1337,119.90838997600001,demog_exp,2,
"[1, 140]",[],specifyRegularity,4,0,3,3,3, אל,2019_May_01_1337,119.90838997600001,demog_exp,2,
"[1, 140]",[],addSomething,5,0,4,4,4,המכ יתישעש תורמל תויועט תןשעל אל ףחדב יתשגרה,2019_May_01_1337,119.90838997600001,demog_exp,2,
"[0, 0]",['return'],intro,1,0,0,0,0,,2019_May_01_1535,120.03519430700001,demog_exp,3,
"[1, 140]",[],debrief,2,0,1,1,1,הבוגתב קוידו ןמז,2019_May_01_1535,120.03519430700001,demog_exp,3,
"[1, 140]",[],feedbackRegularity,3,0,2,2,2,ןכ,2019_May_01_1535,120.03519430700001,demog_exp,3,
"[1, 140]",[],specifyRegularity,4,0,3,3,3,יהש לכ תויקוח שי דימתש חינמ .עדוי אל,2019_May_01_1535,120.03519430700001,demog_exp,3,
"[1, 140]",[],addSomething,5,0,4,4,4,םילוגיעה לש תויתסה ויה המל,2019_May_01_1535,120.03519430700001,demog_exp,3,
"[0, 0]",['return'],intro,1,0,0,0,0,,2019_May_07_1721,119.942907174,demog_exp,18,
"[1, 140]",[],debrief,2,0,1,1,1,ןיעל דיה ןיב רשקה תקידב,2019_May_07_1721,119.942907174,demog_exp,18,
"[1, 140]",[],feedbackRegularity,3,0,2,2,2,עבצ הניש לוגיעה ןמזב תדלקמה לע יתצחלשכ,2019_May_07_1721,119.942907174,demog_exp,18,
"[1, 140]",[],specifyRegularity,4,0,3,3,3,עבצ הניש לוגיעה ןמזב תדלקמה לש שקמה לע יתצחלשכ,2019_May_07_1721,119.942907174,demog_exp,18,
"[1, 140]",[],addSomething,5,0,4,4,4,אל,2019_May_07_1721,119.942907174,demog_exp,18,
"[0, 0]",['return'],intro,1,0,0,0,0,,2019_May_13_1433,120.01387359799999,demog_exp,27,
"[1, 140]",[],debrief,2,0,1,1,1,תובוגת קודבל,2019_May_13_1433,120.01387359799999,demog_exp,27,
"[1, 140]",[],feedbackRegularity,3,0,2,2,2,ןבל הייהנ אל לוגיעה יתמתחהשכ זא רחא ןצחל לע יתצחל םדוק תועטב םא ןבל הייהנ לוגיעה יתמתחהשכ,2019_May_13_1433,120.01387359799999,demog_exp,27,
"[1, 140]",[],specifyRegularity,4,0,3,3,3,םדוק ףיעסב יתינע,2019_May_13_1433,120.01387359799999,demog_exp,27,
"[1, 140]",[],addSomething,5,0,4,4,4,תפייעתמ תחא די יכ היעב הזש וא הפ הרטמה הזש וא ריוואב הינשו תנעשמ םע תחא די,2019_May_13_1433,120.01387359799999,demog_exp,27,
"[0, 0]",['return'],intro,1,0,0,0,0,,2019_May_02_1639,119.97499716,demog_exp,6,
"[1, 140]",[],debrief,2,0,1,1,1,הבוגת ןמז ךרוא קודבל,2019_May_02_1639,119.97499716,demog_exp,6,
"[1, 140]",[],feedbackRegularity,3,0,2,2,2,אל,2019_May_02_1639,119.97499716,demog_exp,6,
"[1, 140]",[],specifyRegularity,4,0,3,3,3,אל,2019_May_02_1639,119.97499716,demog_exp,6,
"[1, 140]",[],addSomething,5,0,4,4,4,אל,2019_May_02_1639,119.97499716,demog_exp,6,
"[0, 0]",['return'],intro,1,0,0,0,0,,2019_May_07_1607,119.96218793799999,demog_exp,14,
"[1, 140]",[],debrief,2,0,1,1,1, ,2019_May_07_1607,119.96218793799999,demog_exp,14,
"[1, 140]",[],feedbackRegularity,3,0,2,2,2, ,2019_May_07_1607,119.96218793799999,demog_exp,14,
"[1, 140]",[],specifyRegularity,4,0,3,3,3,תעדוי אל,2019_May_07_1607,119.96218793799999,demog_exp,14,
"[1, 140]",[],addSomething,5,0,4,4,4, תוריהמ ריבגהל,2019_May_07_1607,119.96218793799999,demog_exp,14,
"[0, 0]",['return'],intro,1,0,0,0,0,,2019_May_07_1512,119.918167861,demog_exp,13,
"[1, 140]",[],debrief,2,0,1,1,1,הבוגת תוריהמ תניחב,2019_May_07_1512,119.918167861,demog_exp,13,
"[1, 140]",[],feedbackRegularity,3,0,2,2,2,םעבצ תא תונשל םילוגיעל יתמרג ינא,2019_May_07_1512,119.918167861,demog_exp,13,
"[1, 140]",[],specifyRegularity,4,0,3,3,3,תויקוח התייה אל,2019_May_07_1512,119.918167861,demog_exp,13,
"[1, 140]",[],addSomething,5,0,4,4,4,אל,2019_May_07_1512,119.918167861,demog_exp,13,
"[0, 0]",['return'],intro,1,0,0,0,0,,2019_May_07_1034,120.008832647,demog_exp,11,
"[1, 140]",[],debrief,2,0,1,1,1,םיעבצו בשקב רושקש והשמ תוהזל,2019_May_07_1034,120.008832647,demog_exp,11,
"[1, 140]",[],feedbackRegularity,3,0,2,2,2,אל,2019_May_07_1034,120.008832647,demog_exp,11,
"[1, 140]",[],specifyRegularity,4,0,3,3,3,יתעדל התיה אל,2019_May_07_1034,120.008832647,demog_exp,11,
"[1, 140]",[],addSomething,5,0,4,4,4,אל,2019_May_07_1034,120.008832647,demog_exp,11,
