,date,patch_length,feedback,unique_participant,prior,context,feedback_manipulation_type,RT
0,2020-10-01_12h07.35.084,5,CONTROL FEEDBACK,1:2020-10-01_12h07.35.084,0,0.0,1,449.3571363636366
1,2020-10-01_12h07.35.084,5,CONTROL FEEDBACK,1:2020-10-01_12h07.35.084,0,1.0,1,461.55977272727245
2,2020-10-01_12h07.35.084,5,CONTROL FEEDBACK,1:2020-10-01_12h07.35.084,0,2.0,1,474.9450714285714
3,2020-10-01_12h07.35.084,5,CONTROL FEEDBACK,1:2020-10-01_12h07.35.084,0,3.0,1,458.11926829268293
4,2020-10-01_12h07.35.084,5,CONTROL FEEDBACK,1:2020-10-01_12h07.35.084,1,0.0,1,444.37139344262306
5,2020-10-01_12h07.35.084,5,CONTROL FEEDBACK,1:2020-10-01_12h07.35.084,1,1.0,1,445.9107627118646
6,2020-10-01_12h07.35.084,5,CONTROL FEEDBACK,1:2020-10-01_12h07.35.084,1,2.0,1,448.3841
7,2020-10-01_12h07.35.084,5,CONTROL FEEDBACK,1:2020-10-01_12h07.35.084,1,3.0,1,460.8103333333334
8,2020-10-01_13h07.53.086,10,CONTROL FEEDBACK,2:2020-10-01_13h07.53.086,0,0.0,1,477.6583701657457
9,2020-10-01_13h07.53.086,10,CONTROL FEEDBACK,2:2020-10-01_13h07.53.086,0,1.0,1,483.4196938775511
10,2020-10-01_13h07.53.086,10,CONTROL FEEDBACK,2:2020-10-01_13h07.53.086,0,2.0,1,519.0319444444444
11,2020-10-01_13h07.53.086,10,CONTROL FEEDBACK,2:2020-10-01_13h07.53.086,0,3.0,1,498.90859375
12,2020-10-01_13h07.53.086,10,CONTROL FEEDBACK,2:2020-10-01_13h07.53.086,1,0.0,1,470.614393939394
13,2020-10-01_13h07.53.086,10,CONTROL FEEDBACK,2:2020-10-01_13h07.53.086,1,1.0,1,475.69999999999993
14,2020-10-01_13h07.53.086,10,CONTROL FEEDBACK,2:2020-10-01_13h07.53.086,1,2.0,1,463.7412857142857
15,2020-10-01_13h07.53.086,10,CONTROL FEEDBACK,2:2020-10-01_13h07.53.086,1,3.0,1,466.524140625
16,2020-10-01_15h25.01.451,5,CONTROL FEEDBACK,4:2020-10-01_15h25.01.451,0,0.0,1,422.8952118644068
17,2020-10-01_15h25.01.451,5,CONTROL FEEDBACK,4:2020-10-01_15h25.01.451,0,1.0,1,449.33676767676803
18,2020-10-01_15h25.01.451,5,CONTROL FEEDBACK,4:2020-10-01_15h25.01.451,0,2.0,1,431.8816666666668
19,2020-10-01_15h25.01.451,5,CONTROL FEEDBACK,4:2020-10-01_15h25.01.451,0,3.0,1,421.27796296296304
20,2020-10-01_15h25.01.451,5,CONTROL FEEDBACK,4:2020-10-01_15h25.01.451,1,0.0,1,413.07169491525417
21,2020-10-01_15h25.01.451,5,CONTROL FEEDBACK,4:2020-10-01_15h25.01.451,1,1.0,1,418.85907407407416
22,2020-10-01_15h25.01.451,5,CONTROL FEEDBACK,4:2020-10-01_15h25.01.451,1,2.0,1,413.140641025641
23,2020-10-01_15h25.01.451,5,CONTROL FEEDBACK,4:2020-10-01_15h25.01.451,1,3.0,1,396.26909090909095
24,2020-10-01_18h03.52.357,10,CONTROL FEEDBACK,5:2020-10-01_18h03.52.357,0,0.0,1,471.37901595744665
25,2020-10-01_18h03.52.357,10,CONTROL FEEDBACK,5:2020-10-01_18h03.52.357,0,1.0,1,459.19772727272726
26,2020-10-01_18h03.52.357,10,CONTROL FEEDBACK,5:2020-10-01_18h03.52.357,0,2.0,1,474.5980392156863
27,2020-10-01_18h03.52.357,10,CONTROL FEEDBACK,5:2020-10-01_18h03.52.357,0,3.0,1,513.8269696969696
28,2020-10-01_18h03.52.357,10,CONTROL FEEDBACK,5:2020-10-01_18h03.52.357,1,0.0,1,467.3233333333333
29,2020-10-01_18h03.52.357,10,CONTROL FEEDBACK,5:2020-10-01_18h03.52.357,1,1.0,1,468.30551282051294
30,2020-10-01_18h03.52.357,10,CONTROL FEEDBACK,5:2020-10-01_18h03.52.357,1,2.0,1,463.8408219178083
31,2020-10-01_18h03.52.357,10,CONTROL FEEDBACK,5:2020-10-01_18h03.52.357,1,3.0,1,422.05305555555543
32,2020-10-08_14h38.44.619,5,CONTROL FEEDBACK,6:2020-10-08_14h38.44.619,0,0.0,1,534.146391304348
33,2020-10-08_14h38.44.619,5,CONTROL FEEDBACK,6:2020-10-08_14h38.44.619,0,1.0,1,548.8123809523809
34,2020-10-08_14h38.44.619,5,CONTROL FEEDBACK,6:2020-10-08_14h38.44.619,0,2.0,1,531.4552739726029
35,2020-10-08_14h38.44.619,5,CONTROL FEEDBACK,6:2020-10-08_14h38.44.619,0,3.0,1,539.9437499999999
36,2020-10-08_14h38.44.619,5,CONTROL FEEDBACK,6:2020-10-08_14h38.44.619,1,0.0,1,525.5538524590163
37,2020-10-08_14h38.44.619,5,CONTROL FEEDBACK,6:2020-10-08_14h38.44.619,1,1.0,1,527.6253636363637
38,2020-10-08_14h38.44.619,5,CONTROL FEEDBACK,6:2020-10-08_14h38.44.619,1,2.0,1,556.6610416666667
39,2020-10-08_14h38.44.619,5,CONTROL FEEDBACK,6:2020-10-08_14h38.44.619,1,3.0,1,518.17
40,2020-10-08_15h13.14.296,5,CONTROL FEEDBACK,7:2020-10-08_15h13.14.296,0,0.0,1,432.4362385321102
41,2020-10-08_15h13.14.296,5,CONTROL FEEDBACK,7:2020-10-08_15h13.14.296,0,1.0,1,428.5136792452831
42,2020-10-08_15h13.14.296,5,CONTROL FEEDBACK,7:2020-10-08_15h13.14.296,0,2.0,1,424.136346153846
43,2020-10-08_15h13.14.296,5,CONTROL FEEDBACK,7:2020-10-08_15h13.14.296,0,3.0,1,424.35453125
44,2020-10-08_15h13.14.296,5,CONTROL FEEDBACK,7:2020-10-08_15h13.14.296,1,0.0,1,420.5088793103448
45,2020-10-08_15h13.14.296,5,CONTROL FEEDBACK,7:2020-10-08_15h13.14.296,1,1.0,1,418.17333333333323
46,2020-10-08_15h13.14.296,5,CONTROL FEEDBACK,7:2020-10-08_15h13.14.296,1,2.0,1,427.80042553191487
47,2020-10-08_15h13.14.296,5,CONTROL FEEDBACK,7:2020-10-08_15h13.14.296,1,3.0,1,425.87173076923074
48,2020-10-08_15h56.08.168,10,CONTROL FEEDBACK,8:2020-10-08_15h56.08.168,0,0.0,1,423.6771356783921
49,2020-10-08_15h56.08.168,10,CONTROL FEEDBACK,8:2020-10-08_15h56.08.168,0,1.0,1,437.16647727272743
50,2020-10-08_15h56.08.168,10,CONTROL FEEDBACK,8:2020-10-08_15h56.08.168,0,2.0,1,423.094456521739
51,2020-10-08_15h56.08.168,10,CONTROL FEEDBACK,8:2020-10-08_15h56.08.168,0,3.0,1,418.31017241379305
52,2020-10-08_15h56.08.168,10,CONTROL FEEDBACK,8:2020-10-08_15h56.08.168,1,0.0,1,415.17354838709673
53,2020-10-08_15h56.08.168,10,CONTROL FEEDBACK,8:2020-10-08_15h56.08.168,1,1.0,1,423.2049999999999
54,2020-10-08_15h56.08.168,10,CONTROL FEEDBACK,8:2020-10-08_15h56.08.168,1,2.0,1,409.15271428571424
55,2020-10-08_15h56.08.168,10,CONTROL FEEDBACK,8:2020-10-08_15h56.08.168,1,3.0,1,405.79660714285706
56,2020-10-08_16h17.54.670,10,CONTROL FEEDBACK,11:2020-10-08_16h17.54.670,0,0.0,1,811.7094886363634
57,2020-10-08_16h17.54.670,10,CONTROL FEEDBACK,11:2020-10-08_16h17.54.670,0,1.0,1,825.4638157894736
58,2020-10-08_16h17.54.670,10,CONTROL FEEDBACK,11:2020-10-08_16h17.54.670,0,2.0,1,844.706956521739
59,2020-10-08_16h17.54.670,10,CONTROL FEEDBACK,11:2020-10-08_16h17.54.670,0,3.0,1,869.7578787878788
60,2020-10-08_16h17.54.670,10,CONTROL FEEDBACK,11:2020-10-08_16h17.54.670,1,0.0,1,751.268125
61,2020-10-08_16h17.54.670,10,CONTROL FEEDBACK,11:2020-10-08_16h17.54.670,1,1.0,1,774.1267500000001
62,2020-10-08_16h17.54.670,10,CONTROL FEEDBACK,11:2020-10-08_16h17.54.670,1,2.0,1,742.4607936507939
63,2020-10-08_16h17.54.670,10,CONTROL FEEDBACK,11:2020-10-08_16h17.54.670,1,3.0,1,723.8837500000002
64,2020-10-08_17h21.02.840,10,CONTROL FEEDBACK,10:2020-10-08_17h21.02.840,0,0.0,1,451.1935555555558
65,2020-10-08_17h21.02.840,10,CONTROL FEEDBACK,10:2020-10-08_17h21.02.840,0,1.0,1,456.97999999999996
66,2020-10-08_17h21.02.840,10,CONTROL FEEDBACK,10:2020-10-08_17h21.02.840,0,2.0,1,438.6483333333334
67,2020-10-08_17h21.02.840,10,CONTROL FEEDBACK,10:2020-10-08_17h21.02.840,0,3.0,1,460.7346551724138
68,2020-10-08_17h21.02.840,10,CONTROL FEEDBACK,10:2020-10-08_17h21.02.840,1,0.0,1,456.5723529411766
69,2020-10-08_17h21.02.840,10,CONTROL FEEDBACK,10:2020-10-08_17h21.02.840,1,1.0,1,442.9285000000001
70,2020-10-08_17h21.02.840,10,CONTROL FEEDBACK,10:2020-10-08_17h21.02.840,1,2.0,1,435.4716346153848
71,2020-10-08_17h21.02.840,10,CONTROL FEEDBACK,10:2020-10-08_17h21.02.840,1,3.0,1,429.4237096774195
72,2020-10-08_17h58.30.309,5,CONTROL FEEDBACK,12:2020-10-08_17h58.30.309,0,0.0,1,420.5452380952382
73,2020-10-08_17h58.30.309,5,CONTROL FEEDBACK,12:2020-10-08_17h58.30.309,0,1.0,1,414.5832777777778
74,2020-10-08_17h58.30.309,5,CONTROL FEEDBACK,12:2020-10-08_17h58.30.309,0,2.0,1,416.9734666666667
75,2020-10-08_17h58.30.309,5,CONTROL FEEDBACK,12:2020-10-08_17h58.30.309,0,3.0,1,407.7848571428572
76,2020-10-08_17h58.30.309,5,CONTROL FEEDBACK,12:2020-10-08_17h58.30.309,1,0.0,1,407.9645901639345
77,2020-10-08_17h58.30.309,5,CONTROL FEEDBACK,12:2020-10-08_17h58.30.309,1,1.0,1,406.3327499999999
78,2020-10-08_17h58.30.309,5,CONTROL FEEDBACK,12:2020-10-08_17h58.30.309,1,2.0,1,415.7743269230768
79,2020-10-08_17h58.30.309,5,CONTROL FEEDBACK,12:2020-10-08_17h58.30.309,1,3.0,1,401.53451923076926
80,2020-10-15_12h18.14.313,5,CONTROL FEEDBACK,13:2020-10-15_12h18.14.313,0,0.0,1,402.83290598290586
81,2020-10-15_12h18.14.313,5,CONTROL FEEDBACK,13:2020-10-15_12h18.14.313,0,1.0,1,403.01263440860225
82,2020-10-15_12h18.14.313,5,CONTROL FEEDBACK,13:2020-10-15_12h18.14.313,0,2.0,1,394.1203424657535
83,2020-10-15_12h18.14.313,5,CONTROL FEEDBACK,13:2020-10-15_12h18.14.313,0,3.0,1,385.3895714285714
84,2020-10-15_12h18.14.313,5,CONTROL FEEDBACK,13:2020-10-15_12h18.14.313,1,0.0,1,379.9032786885245
85,2020-10-15_12h18.14.313,5,CONTROL FEEDBACK,13:2020-10-15_12h18.14.313,1,1.0,1,388.1364035087719
86,2020-10-15_12h18.14.313,5,CONTROL FEEDBACK,13:2020-10-15_12h18.14.313,1,2.0,1,396.40479166666665
87,2020-10-15_12h18.14.313,5,CONTROL FEEDBACK,13:2020-10-15_12h18.14.313,1,3.0,1,384.9836363636364
88,2020-10-15_13h08.51.393,10,CONTROL FEEDBACK,14:2020-10-15_13h08.51.393,0,0.0,1,433.6624594594594
89,2020-10-15_13h08.51.393,10,CONTROL FEEDBACK,14:2020-10-15_13h08.51.393,0,1.0,1,453.1665
90,2020-10-15_13h08.51.393,10,CONTROL FEEDBACK,14:2020-10-15_13h08.51.393,0,2.0,1,435.53382978723414
91,2020-10-15_13h08.51.393,10,CONTROL FEEDBACK,14:2020-10-15_13h08.51.393,0,3.0,1,444.0854838709678
92,2020-10-15_13h08.51.393,10,CONTROL FEEDBACK,14:2020-10-15_13h08.51.393,1,0.0,1,402.1254545454545
93,2020-10-15_13h08.51.393,10,CONTROL FEEDBACK,14:2020-10-15_13h08.51.393,1,1.0,1,412.7389999999999
94,2020-10-15_13h08.51.393,10,CONTROL FEEDBACK,14:2020-10-15_13h08.51.393,1,2.0,1,416.3561904761904
95,2020-10-15_13h08.51.393,10,CONTROL FEEDBACK,14:2020-10-15_13h08.51.393,1,3.0,1,407.14462365591396
96,2020-10-20_16h38.24.377,10,CONTROL FEEDBACK,16:2020-10-20_16h38.24.377,0,0.0,1,440.74142076502727
97,2020-10-20_16h38.24.377,10,CONTROL FEEDBACK,16:2020-10-20_16h38.24.377,0,1.0,1,435.51647058823545
98,2020-10-20_16h38.24.377,10,CONTROL FEEDBACK,16:2020-10-20_16h38.24.377,0,2.0,1,453.1354444444444
99,2020-10-20_16h38.24.377,10,CONTROL FEEDBACK,16:2020-10-20_16h38.24.377,0,3.0,1,442.1988333333333
100,2020-10-20_16h38.24.377,10,CONTROL FEEDBACK,16:2020-10-20_16h38.24.377,1,0.0,1,411.711724137931
101,2020-10-20_16h38.24.377,10,CONTROL FEEDBACK,16:2020-10-20_16h38.24.377,1,1.0,1,398.715303030303
102,2020-10-20_16h38.24.377,10,CONTROL FEEDBACK,16:2020-10-20_16h38.24.377,1,2.0,1,410.85500000000013
103,2020-10-20_16h38.24.377,10,CONTROL FEEDBACK,16:2020-10-20_16h38.24.377,1,3.0,1,417.285576923077
104,2020-10-20_17h21.05.222,10,CONTROL FEEDBACK,17:2020-10-20_17h21.05.222,0,0.0,1,415.37254901960785
105,2020-10-20_17h21.05.222,10,CONTROL FEEDBACK,17:2020-10-20_17h21.05.222,0,1.0,1,442.06
106,2020-10-20_17h21.05.222,10,CONTROL FEEDBACK,17:2020-10-20_17h21.05.222,0,2.0,1,413.74468085106383
107,2020-10-20_17h21.05.222,10,CONTROL FEEDBACK,17:2020-10-20_17h21.05.222,0,3.0,1,418.2916666666667
108,2020-10-20_17h21.05.222,10,CONTROL FEEDBACK,17:2020-10-20_17h21.05.222,1,0.0,1,399.3235294117647
109,2020-10-20_17h21.05.222,10,CONTROL FEEDBACK,17:2020-10-20_17h21.05.222,1,1.0,1,401.780487804878
110,2020-10-20_17h21.05.222,10,CONTROL FEEDBACK,17:2020-10-20_17h21.05.222,1,2.0,1,390.07142857142856
111,2020-10-20_17h21.05.222,10,CONTROL FEEDBACK,17:2020-10-20_17h21.05.222,1,3.0,1,400.5151515151515
112,2020-10-20_18h03.22.585,5,CONTROL FEEDBACK,18:2020-10-20_18h03.22.585,0,0.0,1,343.36643518518525
113,2020-10-20_18h03.22.585,5,CONTROL FEEDBACK,18:2020-10-20_18h03.22.585,0,1.0,1,346.87936781609193
114,2020-10-20_18h03.22.585,5,CONTROL FEEDBACK,18:2020-10-20_18h03.22.585,0,2.0,1,338.16077922077915
115,2020-10-20_18h03.22.585,5,CONTROL FEEDBACK,18:2020-10-20_18h03.22.585,0,3.0,1,343.7302564102565
116,2020-10-20_18h03.22.585,5,CONTROL FEEDBACK,18:2020-10-20_18h03.22.585,1,0.0,1,337.2791129032259
117,2020-10-20_18h03.22.585,5,CONTROL FEEDBACK,18:2020-10-20_18h03.22.585,1,1.0,1,350.25073770491804
118,2020-10-20_18h03.22.585,5,CONTROL FEEDBACK,18:2020-10-20_18h03.22.585,1,2.0,1,340.207037037037
119,2020-10-20_18h03.22.585,5,CONTROL FEEDBACK,18:2020-10-20_18h03.22.585,1,3.0,1,334.1025
120,2020-10-22_12h47.00.135,5,CONTROL FEEDBACK,19:2020-10-22_12h47.00.135,0,0.0,1,521.2167672413793
121,2020-10-22_12h47.00.135,5,CONTROL FEEDBACK,19:2020-10-22_12h47.00.135,0,1.0,1,527.927268041237
122,2020-10-22_12h47.00.135,5,CONTROL FEEDBACK,19:2020-10-22_12h47.00.135,0,2.0,1,549.0669718309858
123,2020-10-22_12h47.00.135,5,CONTROL FEEDBACK,19:2020-10-22_12h47.00.135,0,3.0,1,505.4145945945946
124,2020-10-22_12h47.00.135,5,CONTROL FEEDBACK,19:2020-10-22_12h47.00.135,1,0.0,1,515.7769827586208
125,2020-10-22_12h47.00.135,5,CONTROL FEEDBACK,19:2020-10-22_12h47.00.135,1,1.0,1,514.1963636363636
126,2020-10-22_12h47.00.135,5,CONTROL FEEDBACK,19:2020-10-22_12h47.00.135,1,2.0,1,502.6928125000001
127,2020-10-22_12h47.00.135,5,CONTROL FEEDBACK,19:2020-10-22_12h47.00.135,1,3.0,1,498.29523255813945
128,2020-10-22_13h33.01.867,5,CONTROL FEEDBACK,20:2020-10-22_13h33.01.867,0,0.0,1,570.1317372881356
129,2020-10-22_13h33.01.867,5,CONTROL FEEDBACK,20:2020-10-22_13h33.01.867,0,1.0,1,580.6495544554458
130,2020-10-22_13h33.01.867,5,CONTROL FEEDBACK,20:2020-10-22_13h33.01.867,0,2.0,1,579.0207857142856
131,2020-10-22_13h33.01.867,5,CONTROL FEEDBACK,20:2020-10-22_13h33.01.867,0,3.0,1,589.1513513513513
132,2020-10-22_13h33.01.867,5,CONTROL FEEDBACK,20:2020-10-22_13h33.01.867,1,0.0,1,554.7215909090908
133,2020-10-22_13h33.01.867,5,CONTROL FEEDBACK,20:2020-10-22_13h33.01.867,1,1.0,1,563.2528813559321
134,2020-10-22_13h33.01.867,5,CONTROL FEEDBACK,20:2020-10-22_13h33.01.867,1,2.0,1,562.8401063829787
135,2020-10-22_13h33.01.867,5,CONTROL FEEDBACK,20:2020-10-22_13h33.01.867,1,3.0,1,541.7102083333333
136,2020-10-22_15h37.18.555,5,CONTROL FEEDBACK,21:2020-10-22_15h37.18.555,0,0.0,1,443.45803846153837
137,2020-10-22_15h37.18.555,5,CONTROL FEEDBACK,21:2020-10-22_15h37.18.555,0,1.0,1,453.4073118279572
138,2020-10-22_15h37.18.555,5,CONTROL FEEDBACK,21:2020-10-22_15h37.18.555,0,2.0,1,447.7032857142856
139,2020-10-22_15h37.18.555,5,CONTROL FEEDBACK,21:2020-10-22_15h37.18.555,0,3.0,1,445.87589285714284
140,2020-10-22_15h37.18.555,5,CONTROL FEEDBACK,21:2020-10-22_15h37.18.555,1,0.0,1,439.7943859649121
141,2020-10-22_15h37.18.555,5,CONTROL FEEDBACK,21:2020-10-22_15h37.18.555,1,1.0,1,441.74351063829795
142,2020-10-22_15h37.18.555,5,CONTROL FEEDBACK,21:2020-10-22_15h37.18.555,1,2.0,1,454.105625
143,2020-10-22_15h37.18.555,5,CONTROL FEEDBACK,21:2020-10-22_15h37.18.555,1,3.0,1,424.7266
144,2020-10-27_12h40.56.948,5,CONTROL FEEDBACK,22:2020-10-27_12h40.56.948,0,0.0,1,595.7316814159293
145,2020-10-27_12h40.56.948,5,CONTROL FEEDBACK,22:2020-10-27_12h40.56.948,0,1.0,1,570.4915789473683
146,2020-10-27_12h40.56.948,5,CONTROL FEEDBACK,22:2020-10-27_12h40.56.948,0,2.0,1,591.9835526315792
147,2020-10-27_12h40.56.948,5,CONTROL FEEDBACK,22:2020-10-27_12h40.56.948,0,3.0,1,554.6243103448277
148,2020-10-27_12h40.56.948,5,CONTROL FEEDBACK,22:2020-10-27_12h40.56.948,1,0.0,1,567.4511475409837
149,2020-10-27_12h40.56.948,5,CONTROL FEEDBACK,22:2020-10-27_12h40.56.948,1,1.0,1,567.9616666666668
150,2020-10-27_12h40.56.948,5,CONTROL FEEDBACK,22:2020-10-27_12h40.56.948,1,2.0,1,599.4512765957446
151,2020-10-27_12h40.56.948,5,CONTROL FEEDBACK,22:2020-10-27_12h40.56.948,1,3.0,1,546.1402439024391
152,2020-10-27_13h37.14.646,5,CONTROL FEEDBACK,23:2020-10-27_13h37.14.646,0,0.0,1,544.1517521367521
153,2020-10-27_13h37.14.646,5,CONTROL FEEDBACK,23:2020-10-27_13h37.14.646,0,1.0,1,530.5088953488373
154,2020-10-27_13h37.14.646,5,CONTROL FEEDBACK,23:2020-10-27_13h37.14.646,0,2.0,1,524.1754109589041
155,2020-10-27_13h37.14.646,5,CONTROL FEEDBACK,23:2020-10-27_13h37.14.646,0,3.0,1,540.0679729729732
156,2020-10-27_13h37.14.646,5,CONTROL FEEDBACK,23:2020-10-27_13h37.14.646,1,0.0,1,541.6109016393441
157,2020-10-27_13h37.14.646,5,CONTROL FEEDBACK,23:2020-10-27_13h37.14.646,1,1.0,1,531.2399107142858
158,2020-10-27_13h37.14.646,5,CONTROL FEEDBACK,23:2020-10-27_13h37.14.646,1,2.0,1,506.5719000000001
159,2020-10-27_13h37.14.646,5,CONTROL FEEDBACK,23:2020-10-27_13h37.14.646,1,3.0,1,496.7643421052631
160,2020-10-29_07h04.15.462,10,CONTROL FEEDBACK,28:2020-10-29_07h04.15.462,0,0.0,1,474.61005102040804
161,2020-10-29_07h04.15.462,10,CONTROL FEEDBACK,28:2020-10-29_07h04.15.462,0,1.0,1,476.56489795918367
162,2020-10-29_07h04.15.462,10,CONTROL FEEDBACK,28:2020-10-29_07h04.15.462,0,2.0,1,461.0372619047618
163,2020-10-29_07h04.15.462,10,CONTROL FEEDBACK,28:2020-10-29_07h04.15.462,0,3.0,1,493.5260294117647
164,2020-10-29_07h04.15.462,10,CONTROL FEEDBACK,28:2020-10-29_07h04.15.462,1,0.0,1,432.8601724137932
165,2020-10-29_07h04.15.462,10,CONTROL FEEDBACK,28:2020-10-29_07h04.15.462,1,1.0,1,434.4524358974359
166,2020-10-29_07h04.15.462,10,CONTROL FEEDBACK,28:2020-10-29_07h04.15.462,1,2.0,1,452.60592857142854
167,2020-10-29_07h04.15.462,10,CONTROL FEEDBACK,28:2020-10-29_07h04.15.462,1,3.0,1,421.2078301886792
168,2020-10-29_12h06.58.628,10,CONTROL FEEDBACK,24:2020-10-29_12h06.58.628,0,0.0,1,537.5478074866312
169,2020-10-29_12h06.58.628,10,CONTROL FEEDBACK,24:2020-10-29_12h06.58.628,0,1.0,1,548.0110465116279
170,2020-10-29_12h06.58.628,10,CONTROL FEEDBACK,24:2020-10-29_12h06.58.628,0,2.0,1,507.9617777777777
171,2020-10-29_12h06.58.628,10,CONTROL FEEDBACK,24:2020-10-29_12h06.58.628,0,3.0,1,573.5578333333332
172,2020-10-29_12h06.58.628,10,CONTROL FEEDBACK,24:2020-10-29_12h06.58.628,1,0.0,1,559.3446774193548
173,2020-10-29_12h06.58.628,10,CONTROL FEEDBACK,24:2020-10-29_12h06.58.628,1,1.0,1,552.4190789473685
174,2020-10-29_12h06.58.628,10,CONTROL FEEDBACK,24:2020-10-29_12h06.58.628,1,2.0,1,520.4695762711865
175,2020-10-29_12h06.58.628,10,CONTROL FEEDBACK,24:2020-10-29_12h06.58.628,1,3.0,1,521.6934337349397
176,2020-10-29_13h03.35.527,10,CONTROL FEEDBACK,25:2020-10-29_13h03.35.527,0,0.0,1,443.9318378378381
177,2020-10-29_13h03.35.527,10,CONTROL FEEDBACK,25:2020-10-29_13h03.35.527,0,1.0,1,469.2961
178,2020-10-29_13h03.35.527,10,CONTROL FEEDBACK,25:2020-10-29_13h03.35.527,0,2.0,1,439.6708695652174
179,2020-10-29_13h03.35.527,10,CONTROL FEEDBACK,25:2020-10-29_13h03.35.527,0,3.0,1,462.8221666666667
180,2020-10-29_13h03.35.527,10,CONTROL FEEDBACK,25:2020-10-29_13h03.35.527,1,0.0,1,414.29862068965525
181,2020-10-29_13h03.35.527,10,CONTROL FEEDBACK,25:2020-10-29_13h03.35.527,1,1.0,1,410.2967948717949
182,2020-10-29_13h03.35.527,10,CONTROL FEEDBACK,25:2020-10-29_13h03.35.527,1,2.0,1,418.454275362319
183,2020-10-29_13h03.35.527,10,CONTROL FEEDBACK,25:2020-10-29_13h03.35.527,1,3.0,1,396.6924468085107
184,2020-10-29_14h07.25.406,10,CONTROL FEEDBACK,26:2020-10-29_14h07.25.406,0,0.0,1,399.67289893617016
185,2020-10-29_14h07.25.406,10,CONTROL FEEDBACK,26:2020-10-29_14h07.25.406,0,1.0,1,412.22941176470596
186,2020-10-29_14h07.25.406,10,CONTROL FEEDBACK,26:2020-10-29_14h07.25.406,0,2.0,1,415.5913953488371
187,2020-10-29_14h07.25.406,10,CONTROL FEEDBACK,26:2020-10-29_14h07.25.406,0,3.0,1,414.505
188,2020-10-29_14h07.25.406,10,CONTROL FEEDBACK,26:2020-10-29_14h07.25.406,1,0.0,1,396.45224137931035
189,2020-10-29_14h07.25.406,10,CONTROL FEEDBACK,26:2020-10-29_14h07.25.406,1,1.0,1,373.77347222222215
190,2020-10-29_14h07.25.406,10,CONTROL FEEDBACK,26:2020-10-29_14h07.25.406,1,2.0,1,384.07548387096773
191,2020-10-29_14h07.25.406,10,CONTROL FEEDBACK,26:2020-10-29_14h07.25.406,1,3.0,1,374.98999999999995
192,2020-10-29_15h03.35.042,10,CONTROL FEEDBACK,27:2020-10-29_15h03.35.042,0,0.0,1,516.3205053191488
193,2020-10-29_15h03.35.042,10,CONTROL FEEDBACK,27:2020-10-29_15h03.35.042,0,1.0,1,529.7407500000002
194,2020-10-29_15h03.35.042,10,CONTROL FEEDBACK,27:2020-10-29_15h03.35.042,0,2.0,1,546.1633333333334
195,2020-10-29_15h03.35.042,10,CONTROL FEEDBACK,27:2020-10-29_15h03.35.042,0,3.0,1,538.5064285714284
196,2020-10-29_15h03.35.042,10,CONTROL FEEDBACK,27:2020-10-29_15h03.35.042,1,0.0,1,513.3842424242424
197,2020-10-29_15h03.35.042,10,CONTROL FEEDBACK,27:2020-10-29_15h03.35.042,1,1.0,1,505.3781395348837
198,2020-10-29_15h03.35.042,10,CONTROL FEEDBACK,27:2020-10-29_15h03.35.042,1,2.0,1,488.0981764705883
199,2020-10-29_15h03.35.042,10,CONTROL FEEDBACK,27:2020-10-29_15h03.35.042,1,3.0,1,481.17918032786906
200,2020-10-29_17h14.36.014,10,CONTROL FEEDBACK,29:2020-10-29_17h14.36.014,0,0.0,1,425.20526315789476
201,2020-10-29_17h14.36.014,10,CONTROL FEEDBACK,29:2020-10-29_17h14.36.014,0,1.0,1,438.1090909090909
202,2020-10-29_17h14.36.014,10,CONTROL FEEDBACK,29:2020-10-29_17h14.36.014,0,2.0,1,444.44897959183675
203,2020-10-29_17h14.36.014,10,CONTROL FEEDBACK,29:2020-10-29_17h14.36.014,0,3.0,1,435.1111111111111
204,2020-10-29_17h14.36.014,10,CONTROL FEEDBACK,29:2020-10-29_17h14.36.014,1,0.0,1,423.37931034482756
205,2020-10-29_17h14.36.014,10,CONTROL FEEDBACK,29:2020-10-29_17h14.36.014,1,1.0,1,437.675
206,2020-10-29_17h14.36.014,10,CONTROL FEEDBACK,29:2020-10-29_17h14.36.014,1,2.0,1,406.3090909090909
207,2020-10-29_17h14.36.014,10,CONTROL FEEDBACK,29:2020-10-29_17h14.36.014,1,3.0,1,414.72058823529414
208,2020-11-01_11h08.10.724,10,CONTROL FEEDBACK,30:2020-11-01_11h08.10.724,0,0.0,1,428.9068518518521
209,2020-11-01_11h08.10.724,10,CONTROL FEEDBACK,30:2020-11-01_11h08.10.724,0,1.0,1,431.868152173913
210,2020-11-01_11h08.10.724,10,CONTROL FEEDBACK,30:2020-11-01_11h08.10.724,0,2.0,1,442.19870689655164
211,2020-11-01_11h08.10.724,10,CONTROL FEEDBACK,30:2020-11-01_11h08.10.724,0,3.0,1,423.55288461538464
212,2020-11-01_11h08.10.724,10,CONTROL FEEDBACK,30:2020-11-01_11h08.10.724,1,0.0,1,432.5912499999999
213,2020-11-01_11h08.10.724,10,CONTROL FEEDBACK,30:2020-11-01_11h08.10.724,1,1.0,1,414.3826923076923
214,2020-11-01_11h08.10.724,10,CONTROL FEEDBACK,30:2020-11-01_11h08.10.724,1,2.0,1,415.4905084745764
215,2020-11-01_11h08.10.724,10,CONTROL FEEDBACK,30:2020-11-01_11h08.10.724,1,3.0,1,390.0873728813559
216,2020-11-01_12h03.22.246,5,CONTROL FEEDBACK,31:2020-11-01_12h03.22.246,0,0.0,1,461.47499999999997
217,2020-11-01_12h03.22.246,5,CONTROL FEEDBACK,31:2020-11-01_12h03.22.246,0,1.0,1,453.2484146341464
218,2020-11-01_12h03.22.246,5,CONTROL FEEDBACK,31:2020-11-01_12h03.22.246,0,2.0,1,439.3129729729728
219,2020-11-01_12h03.22.246,5,CONTROL FEEDBACK,31:2020-11-01_12h03.22.246,0,3.0,1,447.0462499999999
220,2020-11-01_12h03.22.246,5,CONTROL FEEDBACK,31:2020-11-01_12h03.22.246,1,0.0,1,458.08241666666675
221,2020-11-01_12h03.22.246,5,CONTROL FEEDBACK,31:2020-11-01_12h03.22.246,1,1.0,1,454.5922950819672
222,2020-11-01_12h03.22.246,5,CONTROL FEEDBACK,31:2020-11-01_12h03.22.246,1,2.0,1,442.7639795918367
223,2020-11-01_12h03.22.246,5,CONTROL FEEDBACK,31:2020-11-01_12h03.22.246,1,3.0,1,440.95952830188673
224,2020-11-02_12h05.36.107,10,CONTROL FEEDBACK,32:2020-11-02_12h05.36.107,0,0.0,1,588.9455851063827
225,2020-11-02_12h05.36.107,10,CONTROL FEEDBACK,32:2020-11-02_12h05.36.107,0,1.0,1,576.8673913043476
226,2020-11-02_12h05.36.107,10,CONTROL FEEDBACK,32:2020-11-02_12h05.36.107,0,2.0,1,595.9716279069767
227,2020-11-02_12h05.36.107,10,CONTROL FEEDBACK,32:2020-11-02_12h05.36.107,0,3.0,1,609.8731428571429
228,2020-11-02_12h05.36.107,10,CONTROL FEEDBACK,32:2020-11-02_12h05.36.107,1,0.0,1,559.0431818181818
229,2020-11-02_12h05.36.107,10,CONTROL FEEDBACK,32:2020-11-02_12h05.36.107,1,1.0,1,560.0867948717948
230,2020-11-02_12h05.36.107,10,CONTROL FEEDBACK,32:2020-11-02_12h05.36.107,1,2.0,1,549.8271126760565
231,2020-11-02_12h05.36.107,10,CONTROL FEEDBACK,32:2020-11-02_12h05.36.107,1,3.0,1,551.8055813953489
232,2020-11-02_14h59.44.991,5,CONTROL FEEDBACK,33:2020-11-02_14h59.44.991,0,0.0,1,490.9238095238095
233,2020-11-02_14h59.44.991,5,CONTROL FEEDBACK,33:2020-11-02_14h59.44.991,0,1.0,1,486.65060240963857
234,2020-11-02_14h59.44.991,5,CONTROL FEEDBACK,33:2020-11-02_14h59.44.991,0,2.0,1,486.0975609756098
235,2020-11-02_14h59.44.991,5,CONTROL FEEDBACK,33:2020-11-02_14h59.44.991,0,3.0,1,504.72222222222223
236,2020-11-02_14h59.44.991,5,CONTROL FEEDBACK,33:2020-11-02_14h59.44.991,1,0.0,1,472.3968253968254
237,2020-11-02_14h59.44.991,5,CONTROL FEEDBACK,33:2020-11-02_14h59.44.991,1,1.0,1,474.9
238,2020-11-02_14h59.44.991,5,CONTROL FEEDBACK,33:2020-11-02_14h59.44.991,1,2.0,1,472.9433962264151
239,2020-11-02_14h59.44.991,5,CONTROL FEEDBACK,33:2020-11-02_14h59.44.991,1,3.0,1,482.35849056603774
240,2020-11-03_12h03.29.982,5,CONTROL FEEDBACK,34:2020-11-03_12h03.29.982,0,0.0,1,419.7355357142856
241,2020-11-03_12h03.29.982,5,CONTROL FEEDBACK,34:2020-11-03_12h03.29.982,0,1.0,1,421.14612903225805
242,2020-11-03_12h03.29.982,5,CONTROL FEEDBACK,34:2020-11-03_12h03.29.982,0,2.0,1,416.5251898734176
243,2020-11-03_12h03.29.982,5,CONTROL FEEDBACK,34:2020-11-03_12h03.29.982,0,3.0,1,427.4043939393939
244,2020-11-03_12h03.29.982,5,CONTROL FEEDBACK,34:2020-11-03_12h03.29.982,1,0.0,1,402.9146774193548
245,2020-11-03_12h03.29.982,5,CONTROL FEEDBACK,34:2020-11-03_12h03.29.982,1,1.0,1,401.8706140350876
246,2020-11-03_12h03.29.982,5,CONTROL FEEDBACK,34:2020-11-03_12h03.29.982,1,2.0,1,411.8544186046512
247,2020-11-03_12h03.29.982,5,CONTROL FEEDBACK,34:2020-11-03_12h03.29.982,1,3.0,1,394.5352564102565
248,2020-11-03_13h01.48.728,10,CONTROL FEEDBACK,35:2020-11-03_13h01.48.728,0,0.0,1,470.65994791666685
249,2020-11-03_13h01.48.728,10,CONTROL FEEDBACK,35:2020-11-03_13h01.48.728,0,1.0,1,499.3806818181819
250,2020-11-03_13h01.48.728,10,CONTROL FEEDBACK,35:2020-11-03_13h01.48.728,0,2.0,1,507.97481132075455
251,2020-11-03_13h01.48.728,10,CONTROL FEEDBACK,35:2020-11-03_13h01.48.728,0,3.0,1,530.6891379310346
252,2020-11-03_13h01.48.728,10,CONTROL FEEDBACK,35:2020-11-03_13h01.48.728,1,0.0,1,465.73728571428563
253,2020-11-03_13h01.48.728,10,CONTROL FEEDBACK,35:2020-11-03_13h01.48.728,1,1.0,1,465.2518604651163
254,2020-11-03_13h01.48.728,10,CONTROL FEEDBACK,35:2020-11-03_13h01.48.728,1,2.0,1,468.6822307692308
255,2020-11-03_13h01.48.728,10,CONTROL FEEDBACK,35:2020-11-03_13h01.48.728,1,3.0,1,436.1066101694916
256,2020-11-03_14h03.37.817,5,CONTROL FEEDBACK,36:2020-11-03_14h03.37.817,0,0.0,1,568.039175257732
257,2020-11-03_14h03.37.817,5,CONTROL FEEDBACK,36:2020-11-03_14h03.37.817,0,1.0,1,557.8249479166665
258,2020-11-03_14h03.37.817,5,CONTROL FEEDBACK,36:2020-11-03_14h03.37.817,0,2.0,1,580.3608450704224
259,2020-11-03_14h03.37.817,5,CONTROL FEEDBACK,36:2020-11-03_14h03.37.817,0,3.0,1,594.3824999999999
260,2020-11-03_14h03.37.817,5,CONTROL FEEDBACK,36:2020-11-03_14h03.37.817,1,0.0,1,558.8844354838709
261,2020-11-03_14h03.37.817,5,CONTROL FEEDBACK,36:2020-11-03_14h03.37.817,1,1.0,1,551.7269672131147
262,2020-11-03_14h03.37.817,5,CONTROL FEEDBACK,36:2020-11-03_14h03.37.817,1,2.0,1,544.0018750000002
263,2020-11-03_14h03.37.817,5,CONTROL FEEDBACK,36:2020-11-03_14h03.37.817,1,3.0,1,546.0770535714286
264,2020-11-03_15h04.41.504,5,CONTROL FEEDBACK,37:2020-11-03_15h04.41.504,0,0.0,1,471.03862499999985
265,2020-11-03_15h04.41.504,5,CONTROL FEEDBACK,37:2020-11-03_15h04.41.504,0,1.0,1,447.6402173913046
266,2020-11-03_15h04.41.504,5,CONTROL FEEDBACK,37:2020-11-03_15h04.41.504,0,2.0,1,449.4401369863015
267,2020-11-03_15h04.41.504,5,CONTROL FEEDBACK,37:2020-11-03_15h04.41.504,0,3.0,1,434.75111111111113
268,2020-11-03_15h04.41.504,5,CONTROL FEEDBACK,37:2020-11-03_15h04.41.504,1,0.0,1,439.71370967741944
269,2020-11-03_15h04.41.504,5,CONTROL FEEDBACK,37:2020-11-03_15h04.41.504,1,1.0,1,451.48078947368424
270,2020-11-03_15h04.41.504,5,CONTROL FEEDBACK,37:2020-11-03_15h04.41.504,1,2.0,1,446.80633333333355
271,2020-11-03_15h04.41.504,5,CONTROL FEEDBACK,37:2020-11-03_15h04.41.504,1,3.0,1,441.5021951219512
272,2020-11-03_16h10.22.512,10,CONTROL FEEDBACK,38:2020-11-03_16h10.22.512,0,0.0,1,504.97877604166644
273,2020-11-03_16h10.22.512,10,CONTROL FEEDBACK,38:2020-11-03_16h10.22.512,0,1.0,1,512.1272448979594
274,2020-11-03_16h10.22.512,10,CONTROL FEEDBACK,38:2020-11-03_16h10.22.512,0,2.0,1,516.5011111111111
275,2020-11-03_16h10.22.512,10,CONTROL FEEDBACK,38:2020-11-03_16h10.22.512,0,3.0,1,538.4169999999999
276,2020-11-03_16h10.22.512,10,CONTROL FEEDBACK,38:2020-11-03_16h10.22.512,1,0.0,1,484.0105172413794
277,2020-11-03_16h10.22.512,10,CONTROL FEEDBACK,38:2020-11-03_16h10.22.512,1,1.0,1,501.488717948718
278,2020-11-03_16h10.22.512,10,CONTROL FEEDBACK,38:2020-11-03_16h10.22.512,1,2.0,1,484.34709876543207
279,2020-11-03_16h10.22.512,10,CONTROL FEEDBACK,38:2020-11-03_16h10.22.512,1,3.0,1,489.13440677966116
280,2020-11-04_10h03.08.976,10,CONTROL FEEDBACK,39:2020-11-04_10h03.08.976,0,0.0,1,420.10026455026446
281,2020-11-04_10h03.08.976,10,CONTROL FEEDBACK,39:2020-11-04_10h03.08.976,0,1.0,1,428.4274038461538
282,2020-11-04_10h03.08.976,10,CONTROL FEEDBACK,39:2020-11-04_10h03.08.976,0,2.0,1,438.42808510638304
283,2020-11-04_10h03.08.976,10,CONTROL FEEDBACK,39:2020-11-04_10h03.08.976,0,3.0,1,427.04516666666666
284,2020-11-04_10h03.08.976,10,CONTROL FEEDBACK,39:2020-11-04_10h03.08.976,1,0.0,1,408.62590909090903
285,2020-11-04_10h03.08.976,10,CONTROL FEEDBACK,39:2020-11-04_10h03.08.976,1,1.0,1,402.11362500000007
286,2020-11-04_10h03.08.976,10,CONTROL FEEDBACK,39:2020-11-04_10h03.08.976,1,2.0,1,392.3897058823529
287,2020-11-04_10h03.08.976,10,CONTROL FEEDBACK,39:2020-11-04_10h03.08.976,1,3.0,1,400.64617283950605
288,2020-11-04_11h07.33.146,5,CONTROL FEEDBACK,40:2020-11-04_11h07.33.146,0,0.0,1,365.43344537815113
289,2020-11-04_11h07.33.146,5,CONTROL FEEDBACK,40:2020-11-04_11h07.33.146,0,1.0,1,372.9162857142858
290,2020-11-04_11h07.33.146,5,CONTROL FEEDBACK,40:2020-11-04_11h07.33.146,0,2.0,1,374.5049999999999
291,2020-11-04_11h07.33.146,5,CONTROL FEEDBACK,40:2020-11-04_11h07.33.146,0,3.0,1,358.17979166666663
292,2020-11-04_11h07.33.146,5,CONTROL FEEDBACK,40:2020-11-04_11h07.33.146,1,0.0,1,372.09718181818175
293,2020-11-04_11h07.33.146,5,CONTROL FEEDBACK,40:2020-11-04_11h07.33.146,1,1.0,1,364.1156250000001
294,2020-11-04_11h07.33.146,5,CONTROL FEEDBACK,40:2020-11-04_11h07.33.146,1,2.0,1,369.2402500000002
295,2020-11-04_11h07.33.146,5,CONTROL FEEDBACK,40:2020-11-04_11h07.33.146,1,3.0,1,342.49608695652176
296,2020-11-04_12h02.06.099,10,CONTROL FEEDBACK,41:2020-11-04_12h02.06.099,0,0.0,1,457.86218754545445
297,2020-11-04_12h02.06.099,10,CONTROL FEEDBACK,41:2020-11-04_12h02.06.099,0,1.0,1,466.4373469591836
298,2020-11-04_12h02.06.099,10,CONTROL FEEDBACK,41:2020-11-04_12h02.06.099,0,2.0,1,472.5136169787234
299,2020-11-04_12h02.06.099,10,CONTROL FEEDBACK,41:2020-11-04_12h02.06.099,0,3.0,1,492.3641936774195
300,2020-11-04_12h02.06.099,10,CONTROL FEEDBACK,41:2020-11-04_12h02.06.099,1,0.0,1,447.144142857143
301,2020-11-04_12h02.06.099,10,CONTROL FEEDBACK,41:2020-11-04_12h02.06.099,1,1.0,1,456.24308835294124
302,2020-11-04_12h02.06.099,10,CONTROL FEEDBACK,41:2020-11-04_12h02.06.099,1,2.0,1,436.748046875
303,2020-11-04_12h02.06.099,10,CONTROL FEEDBACK,41:2020-11-04_12h02.06.099,1,3.0,1,435.4970148507461
304,2020-11-04_13h06.57.696,10,CONTROL FEEDBACK,42:2020-11-04_13h06.57.696,0,0.0,1,435.7139417989416
305,2020-11-04_13h06.57.696,10,CONTROL FEEDBACK,42:2020-11-04_13h06.57.696,0,1.0,1,428.7578723404256
306,2020-11-04_13h06.57.696,10,CONTROL FEEDBACK,42:2020-11-04_13h06.57.696,0,2.0,1,421.3724444444445
307,2020-11-04_13h06.57.696,10,CONTROL FEEDBACK,42:2020-11-04_13h06.57.696,0,3.0,1,423.34705882352944
308,2020-11-04_13h06.57.696,10,CONTROL FEEDBACK,42:2020-11-04_13h06.57.696,1,0.0,1,449.954696969697
309,2020-11-04_13h06.57.696,10,CONTROL FEEDBACK,42:2020-11-04_13h06.57.696,1,1.0,1,407.5419512195122
310,2020-11-04_13h06.57.696,10,CONTROL FEEDBACK,42:2020-11-04_13h06.57.696,1,2.0,1,407.2348412698412
311,2020-11-04_13h06.57.696,10,CONTROL FEEDBACK,42:2020-11-04_13h06.57.696,1,3.0,1,390.43888888888904
312,2020-11-05_12h43.55.894,10,CONTROL FEEDBACK,43:2020-11-05_12h43.55.894,0,0.0,1,489.62444444444446
313,2020-11-05_12h43.55.894,10,CONTROL FEEDBACK,43:2020-11-05_12h43.55.894,0,1.0,1,468.32091836734696
314,2020-11-05_12h43.55.894,10,CONTROL FEEDBACK,43:2020-11-05_12h43.55.894,0,2.0,1,480.1889583333334
315,2020-11-05_12h43.55.894,10,CONTROL FEEDBACK,43:2020-11-05_12h43.55.894,0,3.0,1,493.6328333333333
316,2020-11-05_12h43.55.894,10,CONTROL FEEDBACK,43:2020-11-05_12h43.55.894,1,0.0,1,489.21117647058827
317,2020-11-05_12h43.55.894,10,CONTROL FEEDBACK,43:2020-11-05_12h43.55.894,1,1.0,1,468.1669444444444
318,2020-11-05_12h43.55.894,10,CONTROL FEEDBACK,43:2020-11-05_12h43.55.894,1,2.0,1,470.44317460317467
319,2020-11-05_12h43.55.894,10,CONTROL FEEDBACK,43:2020-11-05_12h43.55.894,1,3.0,1,475.35584415584407
320,2020-11-05_13h33.30.848,10,CONTROL FEEDBACK,44:2020-11-05_13h33.30.848,0,0.0,1,478.98974576271183
321,2020-11-05_13h33.30.848,10,CONTROL FEEDBACK,44:2020-11-05_13h33.30.848,0,1.0,1,469.7877083333333
322,2020-11-05_13h33.30.848,10,CONTROL FEEDBACK,44:2020-11-05_13h33.30.848,0,2.0,1,479.5423170731706
323,2020-11-05_13h33.30.848,10,CONTROL FEEDBACK,44:2020-11-05_13h33.30.848,0,3.0,1,476.49453125000014
324,2020-11-05_13h33.30.848,10,CONTROL FEEDBACK,44:2020-11-05_13h33.30.848,1,0.0,1,472.845
325,2020-11-05_13h33.30.848,10,CONTROL FEEDBACK,44:2020-11-05_13h33.30.848,1,1.0,1,456.21450000000016
326,2020-11-05_13h33.30.848,10,CONTROL FEEDBACK,44:2020-11-05_13h33.30.848,1,2.0,1,445.3682812500001
327,2020-11-05_13h33.30.848,10,CONTROL FEEDBACK,44:2020-11-05_13h33.30.848,1,3.0,1,426.82261363636366
328,2020-11-05_14h47.25.847,10,CONTROL FEEDBACK,45:2020-11-05_14h47.25.847,0,0.0,1,431.4942783505155
329,2020-11-05_14h47.25.847,10,CONTROL FEEDBACK,45:2020-11-05_14h47.25.847,0,1.0,1,437.5890217391306
330,2020-11-05_14h47.25.847,10,CONTROL FEEDBACK,45:2020-11-05_14h47.25.847,0,2.0,1,456.75867346938765
331,2020-11-05_14h47.25.847,10,CONTROL FEEDBACK,45:2020-11-05_14h47.25.847,0,3.0,1,442.9868421052632
332,2020-11-05_14h47.25.847,10,CONTROL FEEDBACK,45:2020-11-05_14h47.25.847,1,0.0,1,424.95823529411774
333,2020-11-05_14h47.25.847,10,CONTROL FEEDBACK,45:2020-11-05_14h47.25.847,1,1.0,1,415.4638372093024
334,2020-11-05_14h47.25.847,10,CONTROL FEEDBACK,45:2020-11-05_14h47.25.847,1,2.0,1,426.30301282051283
335,2020-11-05_14h47.25.847,10,CONTROL FEEDBACK,45:2020-11-05_14h47.25.847,1,3.0,1,422.8453278688524
336,2020-11-05_15h27.05.382,10,CONTROL FEEDBACK,46:2020-11-05_15h27.05.382,0,0.0,1,449.03839181286565
337,2020-11-05_15h27.05.382,10,CONTROL FEEDBACK,46:2020-11-05_15h27.05.382,0,1.0,1,450.9644897959184
338,2020-11-05_15h27.05.382,10,CONTROL FEEDBACK,46:2020-11-05_15h27.05.382,0,2.0,1,461.34457446808494
339,2020-11-05_15h27.05.382,10,CONTROL FEEDBACK,46:2020-11-05_15h27.05.382,0,3.0,1,450.46216666666675
340,2020-11-05_15h27.05.382,10,CONTROL FEEDBACK,46:2020-11-05_15h27.05.382,1,0.0,1,446.6901666666666
341,2020-11-05_15h27.05.382,10,CONTROL FEEDBACK,46:2020-11-05_15h27.05.382,1,1.0,1,441.21404761904773
342,2020-11-05_15h27.05.382,10,CONTROL FEEDBACK,46:2020-11-05_15h27.05.382,1,2.0,1,430.69007462686545
343,2020-11-05_15h27.05.382,10,CONTROL FEEDBACK,46:2020-11-05_15h27.05.382,1,3.0,1,413.46083333333314
344,2020-11-05_16h08.22.363,10,CONTROL FEEDBACK,47:2020-11-05_16h08.22.363,0,0.0,1,446.126222826087
345,2020-11-05_16h08.22.363,10,CONTROL FEEDBACK,47:2020-11-05_16h08.22.363,0,1.0,1,457.28888888888895
346,2020-11-05_16h08.22.363,10,CONTROL FEEDBACK,47:2020-11-05_16h08.22.363,0,2.0,1,456.8685416666669
347,2020-11-05_16h08.22.363,10,CONTROL FEEDBACK,47:2020-11-05_16h08.22.363,0,3.0,1,443.34693548387094
348,2020-11-05_16h08.22.363,10,CONTROL FEEDBACK,47:2020-11-05_16h08.22.363,1,0.0,1,430.83281250000005
349,2020-11-05_16h08.22.363,10,CONTROL FEEDBACK,47:2020-11-05_16h08.22.363,1,1.0,1,449.9877777777778
350,2020-11-05_16h08.22.363,10,CONTROL FEEDBACK,47:2020-11-05_16h08.22.363,1,2.0,1,434.71025000000003
351,2020-11-05_16h08.22.363,10,CONTROL FEEDBACK,47:2020-11-05_16h08.22.363,1,3.0,1,417.471370967742
352,2020-11-05_17h37.18.925,5,CONTROL FEEDBACK,48:2020-11-05_17h37.18.925,0,0.0,1,498.25504201680684
353,2020-11-05_17h37.18.925,5,CONTROL FEEDBACK,48:2020-11-05_17h37.18.925,0,1.0,1,513.1953092783504
354,2020-11-05_17h37.18.925,5,CONTROL FEEDBACK,48:2020-11-05_17h37.18.925,0,2.0,1,531.830588235294
355,2020-11-05_17h37.18.925,5,CONTROL FEEDBACK,48:2020-11-05_17h37.18.925,0,3.0,1,536.856388888889
356,2020-11-05_17h37.18.925,5,CONTROL FEEDBACK,48:2020-11-05_17h37.18.925,1,0.0,1,529.2296666666666
357,2020-11-05_17h37.18.925,5,CONTROL FEEDBACK,48:2020-11-05_17h37.18.925,1,1.0,1,518.4793518518519
358,2020-11-05_17h37.18.925,5,CONTROL FEEDBACK,48:2020-11-05_17h37.18.925,1,2.0,1,525.5084444444446
359,2020-11-05_17h37.18.925,5,CONTROL FEEDBACK,48:2020-11-05_17h37.18.925,1,3.0,1,496.5937878787879
360,2020-11-08_11h07.49.073,5,CONTROL FEEDBACK,49:2020-11-08_11h07.49.073,0,0.0,1,570.7699115044247
361,2020-11-08_11h07.49.073,5,CONTROL FEEDBACK,49:2020-11-08_11h07.49.073,0,1.0,1,589.1704545454545
362,2020-11-08_11h07.49.073,5,CONTROL FEEDBACK,49:2020-11-08_11h07.49.073,0,2.0,1,567.25
363,2020-11-08_11h07.49.073,5,CONTROL FEEDBACK,49:2020-11-08_11h07.49.073,0,3.0,1,562.1714285714286
364,2020-11-08_11h07.49.073,5,CONTROL FEEDBACK,49:2020-11-08_11h07.49.073,1,0.0,1,566.5178571428571
365,2020-11-08_11h07.49.073,5,CONTROL FEEDBACK,49:2020-11-08_11h07.49.073,1,1.0,1,582.0384615384615
366,2020-11-08_11h07.49.073,5,CONTROL FEEDBACK,49:2020-11-08_11h07.49.073,1,2.0,1,532.469387755102
367,2020-11-08_11h07.49.073,5,CONTROL FEEDBACK,49:2020-11-08_11h07.49.073,1,3.0,1,564.0
368,2020-11-08_15h02.04.702,10,CONTROL FEEDBACK,50:2020-11-08_15h02.04.702,0,0.0,1,529.8213281249998
369,2020-11-08_15h02.04.702,10,CONTROL FEEDBACK,50:2020-11-08_15h02.04.702,0,1.0,1,540.7353658536585
370,2020-11-08_15h02.04.702,10,CONTROL FEEDBACK,50:2020-11-08_15h02.04.702,0,2.0,1,548.4791666666666
371,2020-11-08_15h02.04.702,10,CONTROL FEEDBACK,50:2020-11-08_15h02.04.702,0,3.0,1,528.7407142857143
372,2020-11-08_15h02.04.702,10,CONTROL FEEDBACK,50:2020-11-08_15h02.04.702,1,0.0,1,540.3737499999997
373,2020-11-08_15h02.04.702,10,CONTROL FEEDBACK,50:2020-11-08_15h02.04.702,1,1.0,1,539.7077941176472
374,2020-11-08_15h02.04.702,10,CONTROL FEEDBACK,50:2020-11-08_15h02.04.702,1,2.0,1,534.8184920634919
375,2020-11-08_15h02.04.702,10,CONTROL FEEDBACK,50:2020-11-08_15h02.04.702,1,3.0,1,511.8066666666667
376,2020-11-09_14h04.29.270,10,CONTROL FEEDBACK,51:2020-11-09_14h04.29.270,0,0.0,1,492.19755207812517
377,2020-11-09_14h04.29.270,10,CONTROL FEEDBACK,51:2020-11-09_14h04.29.270,0,1.0,1,510.75392861904766
378,2020-11-09_14h04.29.270,10,CONTROL FEEDBACK,51:2020-11-09_14h04.29.270,0,2.0,1,495.01093749999995
379,2020-11-09_14h04.29.270,10,CONTROL FEEDBACK,51:2020-11-09_14h04.29.270,0,3.0,1,489.7103702962963
380,2020-11-09_14h04.29.270,10,CONTROL FEEDBACK,51:2020-11-09_14h04.29.270,1,0.0,1,478.7271429285715
381,2020-11-09_14h04.29.270,10,CONTROL FEEDBACK,51:2020-11-09_14h04.29.270,1,1.0,1,478.5017142571429
382,2020-11-09_14h04.29.270,10,CONTROL FEEDBACK,51:2020-11-09_14h04.29.270,1,2.0,1,481.99917904477604
383,2020-11-09_14h04.29.270,10,CONTROL FEEDBACK,51:2020-11-09_14h04.29.270,1,3.0,1,467.7577214810128
384,2020-11-09_18h02.17.328,5,CONTROL FEEDBACK,53:2020-11-09_18h02.17.328,0,0.0,1,545.9529824561404
385,2020-11-09_18h02.17.328,5,CONTROL FEEDBACK,53:2020-11-09_18h02.17.328,0,1.0,1,544.5660843373494
386,2020-11-09_18h02.17.328,5,CONTROL FEEDBACK,53:2020-11-09_18h02.17.328,0,2.0,1,506.8379452054794
387,2020-11-09_18h02.17.328,5,CONTROL FEEDBACK,53:2020-11-09_18h02.17.328,0,3.0,1,542.2581578947368
388,2020-11-09_18h02.17.328,5,CONTROL FEEDBACK,53:2020-11-09_18h02.17.328,1,0.0,1,534.905
389,2020-11-09_18h02.17.328,5,CONTROL FEEDBACK,53:2020-11-09_18h02.17.328,1,1.0,1,518.3832758620691
390,2020-11-09_18h02.17.328,5,CONTROL FEEDBACK,53:2020-11-09_18h02.17.328,1,2.0,1,508.79571428571427
391,2020-11-09_18h02.17.328,5,CONTROL FEEDBACK,53:2020-11-09_18h02.17.328,1,3.0,1,496.98878378378384
392,2020-11-09_19h02.11.053,10,CONTROL FEEDBACK,54:2020-11-09_19h02.11.053,0,0.0,1,494.9075125628138
393,2020-11-09_19h02.11.053,10,CONTROL FEEDBACK,54:2020-11-09_19h02.11.053,0,1.0,1,489.43402173913046
394,2020-11-09_19h02.11.053,10,CONTROL FEEDBACK,54:2020-11-09_19h02.11.053,0,2.0,1,510.2413333333335
395,2020-11-09_19h02.11.053,10,CONTROL FEEDBACK,54:2020-11-09_19h02.11.053,0,3.0,1,496.408125
396,2020-11-09_19h02.11.053,10,CONTROL FEEDBACK,54:2020-11-09_19h02.11.053,1,0.0,1,484.93396551724135
397,2020-11-09_19h02.11.053,10,CONTROL FEEDBACK,54:2020-11-09_19h02.11.053,1,1.0,1,492.87000000000006
398,2020-11-09_19h02.11.053,10,CONTROL FEEDBACK,54:2020-11-09_19h02.11.053,1,2.0,1,507.55711864406766
399,2020-11-09_19h02.11.053,10,CONTROL FEEDBACK,54:2020-11-09_19h02.11.053,1,3.0,1,476.29960317460336
400,2020-11-10_12h02.03.697,5,CONTROL FEEDBACK,55:2020-11-10_12h02.03.697,0,0.0,1,493.9141666666668
401,2020-11-10_12h02.03.697,5,CONTROL FEEDBACK,55:2020-11-10_12h02.03.697,0,1.0,1,497.39086419753085
402,2020-11-10_12h02.03.697,5,CONTROL FEEDBACK,55:2020-11-10_12h02.03.697,0,2.0,1,511.2654054054054
403,2020-11-10_12h02.03.697,5,CONTROL FEEDBACK,55:2020-11-10_12h02.03.697,0,3.0,1,489.00105263157906
404,2020-11-10_12h02.03.697,5,CONTROL FEEDBACK,55:2020-11-10_12h02.03.697,1,0.0,1,485.0320967741935
405,2020-11-10_12h02.03.697,5,CONTROL FEEDBACK,55:2020-11-10_12h02.03.697,1,1.0,1,525.7870175438597
406,2020-11-10_12h02.03.697,5,CONTROL FEEDBACK,55:2020-11-10_12h02.03.697,1,2.0,1,481.7135106382979
407,2020-11-10_12h02.03.697,5,CONTROL FEEDBACK,55:2020-11-10_12h02.03.697,1,3.0,1,461.2120370370371
408,2020-11-10_13h05.11.070,10,CONTROL FEEDBACK,56:2020-11-10_13h05.11.070,0,0.0,1,565.5303015075375
409,2020-11-10_13h05.11.070,10,CONTROL FEEDBACK,56:2020-11-10_13h05.11.070,0,1.0,1,593.8514
410,2020-11-10_13h05.11.070,10,CONTROL FEEDBACK,56:2020-11-10_13h05.11.070,0,2.0,1,581.7935000000001
411,2020-11-10_13h05.11.070,10,CONTROL FEEDBACK,56:2020-11-10_13h05.11.070,0,3.0,1,579.412794117647
412,2020-11-10_13h05.11.070,10,CONTROL FEEDBACK,56:2020-11-10_13h05.11.070,1,0.0,1,587.9691379310343
413,2020-11-10_13h05.11.070,10,CONTROL FEEDBACK,56:2020-11-10_13h05.11.070,1,1.0,1,613.3814285714286
414,2020-11-10_13h05.11.070,10,CONTROL FEEDBACK,56:2020-11-10_13h05.11.070,1,2.0,1,573.6508783783784
415,2020-11-10_13h05.11.070,10,CONTROL FEEDBACK,56:2020-11-10_13h05.11.070,1,3.0,1,568.3597872340428
416,2020-11-10_14h04.31.151,5,CONTROL FEEDBACK,57:2020-11-10_14h04.31.151,0,0.0,1,537.9332945736437
417,2020-11-10_14h04.31.151,5,CONTROL FEEDBACK,57:2020-11-10_14h04.31.151,0,1.0,1,541.4468125000001
418,2020-11-10_14h04.31.151,5,CONTROL FEEDBACK,57:2020-11-10_14h04.31.151,0,2.0,1,548.997
419,2020-11-10_14h04.31.151,5,CONTROL FEEDBACK,57:2020-11-10_14h04.31.151,0,3.0,1,552.387261904762
420,2020-11-10_14h04.31.151,5,CONTROL FEEDBACK,57:2020-11-10_14h04.31.151,1,0.0,1,553.2838709677419
421,2020-11-10_14h04.31.151,5,CONTROL FEEDBACK,57:2020-11-10_14h04.31.151,1,1.0,1,545.8475925925925
422,2020-11-10_14h04.31.151,5,CONTROL FEEDBACK,57:2020-11-10_14h04.31.151,1,2.0,1,499.6889215686274
423,2020-11-10_14h04.31.151,5,CONTROL FEEDBACK,57:2020-11-10_14h04.31.151,1,3.0,1,529.6340740740739
424,2020-11-11_13h04.52.673,5,CONTROL FEEDBACK,58:2020-11-11_13h04.52.673,0,0.0,1,413.4373728813559
425,2020-11-11_13h04.52.673,5,CONTROL FEEDBACK,58:2020-11-11_13h04.52.673,0,1.0,1,397.9320967741935
426,2020-11-11_13h04.52.673,5,CONTROL FEEDBACK,58:2020-11-11_13h04.52.673,0,2.0,1,409.8626119402985
427,2020-11-11_13h04.52.673,5,CONTROL FEEDBACK,58:2020-11-11_13h04.52.673,0,3.0,1,401.89357142857153
428,2020-11-11_13h04.52.673,5,CONTROL FEEDBACK,58:2020-11-11_13h04.52.673,1,0.0,1,383.2668644067797
429,2020-11-11_13h04.52.673,5,CONTROL FEEDBACK,58:2020-11-11_13h04.52.673,1,1.0,1,377.12724489795926
430,2020-11-11_13h04.52.673,5,CONTROL FEEDBACK,58:2020-11-11_13h04.52.673,1,2.0,1,382.5101020408163
431,2020-11-11_13h04.52.673,5,CONTROL FEEDBACK,58:2020-11-11_13h04.52.673,1,3.0,1,384.7405172413792
432,2020-11-11_14h02.20.756,10,CONTROL FEEDBACK,59:2020-11-11_14h02.20.756,0,0.0,1,512.2778282828282
433,2020-11-11_14h02.20.756,10,CONTROL FEEDBACK,59:2020-11-11_14h02.20.756,0,1.0,1,525.2910185185184
434,2020-11-11_14h02.20.756,10,CONTROL FEEDBACK,59:2020-11-11_14h02.20.756,0,2.0,1,525.2189473684213
435,2020-11-11_14h02.20.756,10,CONTROL FEEDBACK,59:2020-11-11_14h02.20.756,0,3.0,1,549.0567741935484
436,2020-11-11_14h02.20.756,10,CONTROL FEEDBACK,59:2020-11-11_14h02.20.756,1,0.0,1,534.9116176470588
437,2020-11-11_14h02.20.756,10,CONTROL FEEDBACK,59:2020-11-11_14h02.20.756,1,1.0,1,503.8608571428572
438,2020-11-11_14h02.20.756,10,CONTROL FEEDBACK,59:2020-11-11_14h02.20.756,1,2.0,1,513.4489344262295
439,2020-11-11_14h02.20.756,10,CONTROL FEEDBACK,59:2020-11-11_14h02.20.756,1,3.0,1,496.021219512195
440,2020-11-11_17h31.44.436,10,CONTROL FEEDBACK,60:2020-11-11_17h31.44.436,0,0.0,1,478.9453517587941
441,2020-11-11_17h31.44.436,10,CONTROL FEEDBACK,60:2020-11-11_17h31.44.436,0,1.0,1,493.564693877551
442,2020-11-11_17h31.44.436,10,CONTROL FEEDBACK,60:2020-11-11_17h31.44.436,0,2.0,1,470.91784090909096
443,2020-11-11_17h31.44.436,10,CONTROL FEEDBACK,60:2020-11-11_17h31.44.436,0,3.0,1,473.47909090909087
444,2020-11-11_17h31.44.436,10,CONTROL FEEDBACK,60:2020-11-11_17h31.44.436,1,0.0,1,442.69611111111107
445,2020-11-11_17h31.44.436,10,CONTROL FEEDBACK,60:2020-11-11_17h31.44.436,1,1.0,1,477.09256756756764
446,2020-11-11_17h31.44.436,10,CONTROL FEEDBACK,60:2020-11-11_17h31.44.436,1,2.0,1,485.3676612903225
447,2020-11-11_17h31.44.436,10,CONTROL FEEDBACK,60:2020-11-11_17h31.44.436,1,3.0,1,462.4582432432432
448,2020-11-11_18h05.43.545,5,CONTROL FEEDBACK,61:2020-11-11_18h05.43.545,0,0.0,1,499.4827235772356
449,2020-11-11_18h05.43.545,5,CONTROL FEEDBACK,61:2020-11-11_18h05.43.545,0,1.0,1,479.26106741573034
450,2020-11-11_18h05.43.545,5,CONTROL FEEDBACK,61:2020-11-11_18h05.43.545,0,2.0,1,469.82826923076914
451,2020-11-11_18h05.43.545,5,CONTROL FEEDBACK,61:2020-11-11_18h05.43.545,0,3.0,1,487.8678
452,2020-11-11_18h05.43.545,5,CONTROL FEEDBACK,61:2020-11-11_18h05.43.545,1,0.0,1,472.8859615384615
453,2020-11-11_18h05.43.545,5,CONTROL FEEDBACK,61:2020-11-11_18h05.43.545,1,1.0,1,470.0312765957447
454,2020-11-11_18h05.43.545,5,CONTROL FEEDBACK,61:2020-11-11_18h05.43.545,1,2.0,1,449.1995714285714
455,2020-11-11_18h05.43.545,5,CONTROL FEEDBACK,61:2020-11-11_18h05.43.545,1,3.0,1,424.1115517241379
456,2020-11-12_11h58.48.601,5,CONTROL FEEDBACK,62:2020-11-12_11h58.48.601,0,0.0,1,596.43125
457,2020-11-12_11h58.48.601,5,CONTROL FEEDBACK,62:2020-11-12_11h58.48.601,0,1.0,1,581.6411956521738
458,2020-11-12_11h58.48.601,5,CONTROL FEEDBACK,62:2020-11-12_11h58.48.601,0,2.0,1,585.0391911764704
459,2020-11-12_11h58.48.601,5,CONTROL FEEDBACK,62:2020-11-12_11h58.48.601,0,3.0,1,650.0661764705883
460,2020-11-12_11h58.48.601,5,CONTROL FEEDBACK,62:2020-11-12_11h58.48.601,1,0.0,1,597.4657894736841
461,2020-11-12_11h58.48.601,5,CONTROL FEEDBACK,62:2020-11-12_11h58.48.601,1,1.0,1,570.4673148148149
462,2020-11-12_11h58.48.601,5,CONTROL FEEDBACK,62:2020-11-12_11h58.48.601,1,2.0,1,586.8817948717949
463,2020-11-12_11h58.48.601,5,CONTROL FEEDBACK,62:2020-11-12_11h58.48.601,1,3.0,1,582.2999999999998
464,2020-11-12_12h33.08.403,10,CONTROL FEEDBACK,63:2020-11-12_12h33.08.403,0,0.0,1,396.87273684210555
465,2020-11-12_12h33.08.403,10,CONTROL FEEDBACK,63:2020-11-12_12h33.08.403,0,1.0,1,380.5985964912282
466,2020-11-12_12h33.08.403,10,CONTROL FEEDBACK,63:2020-11-12_12h33.08.403,0,2.0,1,414.245673076923
467,2020-11-12_12h33.08.403,10,CONTROL FEEDBACK,63:2020-11-12_12h33.08.403,0,3.0,1,414.1210416666666
468,2020-11-12_12h33.08.403,10,CONTROL FEEDBACK,63:2020-11-12_12h33.08.403,1,0.0,1,384.98240000000004
469,2020-11-12_12h33.08.403,10,CONTROL FEEDBACK,63:2020-11-12_12h33.08.403,1,1.0,1,385.90749999999997
470,2020-11-12_12h33.08.403,10,CONTROL FEEDBACK,63:2020-11-12_12h33.08.403,1,2.0,1,390.7222115384617
471,2020-11-12_12h33.08.403,10,CONTROL FEEDBACK,63:2020-11-12_12h33.08.403,1,3.0,1,384.53296874999995
472,2020-11-12_13h09.40.885,5,CONTROL FEEDBACK,64:2020-11-12_13h09.40.885,0,0.0,1,562.0677559055122
473,2020-11-12_13h09.40.885,5,CONTROL FEEDBACK,64:2020-11-12_13h09.40.885,0,1.0,1,560.0638235294117
474,2020-11-12_13h09.40.885,5,CONTROL FEEDBACK,64:2020-11-12_13h09.40.885,0,2.0,1,565.9667142857143
475,2020-11-12_13h09.40.885,5,CONTROL FEEDBACK,64:2020-11-12_13h09.40.885,0,3.0,1,574.1415789473685
476,2020-11-12_13h09.40.885,5,CONTROL FEEDBACK,64:2020-11-12_13h09.40.885,1,0.0,1,569.5745833333334
477,2020-11-12_13h09.40.885,5,CONTROL FEEDBACK,64:2020-11-12_13h09.40.885,1,1.0,1,527.6421052631582
478,2020-11-12_13h09.40.885,5,CONTROL FEEDBACK,64:2020-11-12_13h09.40.885,1,2.0,1,559.9834
479,2020-11-12_13h09.40.885,5,CONTROL FEEDBACK,64:2020-11-12_13h09.40.885,1,3.0,1,521.5533333333333
480,2020-11-12_13h37.42.437,10,CONTROL FEEDBACK,65:2020-11-12_13h37.42.437,0,0.0,1,514.6
481,2020-11-12_13h37.42.437,10,CONTROL FEEDBACK,65:2020-11-12_13h37.42.437,0,1.0,1,525.7948717948718
482,2020-11-12_13h37.42.437,10,CONTROL FEEDBACK,65:2020-11-12_13h37.42.437,0,2.0,1,516.3720930232558
483,2020-11-12_13h37.42.437,10,CONTROL FEEDBACK,65:2020-11-12_13h37.42.437,0,3.0,1,537.6756756756756
484,2020-11-12_13h37.42.437,10,CONTROL FEEDBACK,65:2020-11-12_13h37.42.437,1,0.0,1,509.24242424242425
485,2020-11-12_13h37.42.437,10,CONTROL FEEDBACK,65:2020-11-12_13h37.42.437,1,1.0,1,515.3421052631579
486,2020-11-12_13h37.42.437,10,CONTROL FEEDBACK,65:2020-11-12_13h37.42.437,1,2.0,1,505.14084507042253
487,2020-11-12_13h37.42.437,10,CONTROL FEEDBACK,65:2020-11-12_13h37.42.437,1,3.0,1,490.1
488,2020-11-12_14h26.45.229,10,CONTROL FEEDBACK,66:2020-11-12_14h26.45.229,0,0.0,1,411.0214247311832
489,2020-11-12_14h26.45.229,10,CONTROL FEEDBACK,66:2020-11-12_14h26.45.229,0,1.0,1,395.7547872340426
490,2020-11-12_14h26.45.229,10,CONTROL FEEDBACK,66:2020-11-12_14h26.45.229,0,2.0,1,398.2647169811322
491,2020-11-12_14h26.45.229,10,CONTROL FEEDBACK,66:2020-11-12_14h26.45.229,0,3.0,1,431.03946428571413
492,2020-11-12_14h26.45.229,10,CONTROL FEEDBACK,66:2020-11-12_14h26.45.229,1,0.0,1,405.62206896551726
493,2020-11-12_14h26.45.229,10,CONTROL FEEDBACK,66:2020-11-12_14h26.45.229,1,1.0,1,391.04410256410256
494,2020-11-12_14h26.45.229,10,CONTROL FEEDBACK,66:2020-11-12_14h26.45.229,1,2.0,1,376.72911290322577
495,2020-11-12_14h26.45.229,10,CONTROL FEEDBACK,66:2020-11-12_14h26.45.229,1,3.0,1,412.94573170731695
496,2020-11-12_15h24.41.259,5,CONTROL FEEDBACK,67:2020-11-12_15h24.41.259,0,0.0,1,472.7077927927928
497,2020-11-12_15h24.41.259,5,CONTROL FEEDBACK,67:2020-11-12_15h24.41.259,0,1.0,1,469.7686956521741
498,2020-11-12_15h24.41.259,5,CONTROL FEEDBACK,67:2020-11-12_15h24.41.259,0,2.0,1,472.32104938271596
499,2020-11-12_15h24.41.259,5,CONTROL FEEDBACK,67:2020-11-12_15h24.41.259,0,3.0,1,456.45647058823516
500,2020-11-12_15h24.41.259,5,CONTROL FEEDBACK,67:2020-11-12_15h24.41.259,1,0.0,1,451.2870161290322
501,2020-11-12_15h24.41.259,5,CONTROL FEEDBACK,67:2020-11-12_15h24.41.259,1,1.0,1,461.5064516129033
502,2020-11-12_15h24.41.259,5,CONTROL FEEDBACK,67:2020-11-12_15h24.41.259,1,2.0,1,465.4823469387755
503,2020-11-12_15h24.41.259,5,CONTROL FEEDBACK,67:2020-11-12_15h24.41.259,1,3.0,1,439.3517391304348
504,2020-11-12_16h03.50.353,5,CONTROL FEEDBACK,68:2020-11-12_16h03.50.353,0,0.0,1,409.9847560975611
505,2020-11-12_16h03.50.353,5,CONTROL FEEDBACK,68:2020-11-12_16h03.50.353,0,1.0,1,404.1933132530121
506,2020-11-12_16h03.50.353,5,CONTROL FEEDBACK,68:2020-11-12_16h03.50.353,0,2.0,1,427.80711267605625
507,2020-11-12_16h03.50.353,5,CONTROL FEEDBACK,68:2020-11-12_16h03.50.353,0,3.0,1,439.7255405405406
508,2020-11-12_16h03.50.353,5,CONTROL FEEDBACK,68:2020-11-12_16h03.50.353,1,0.0,1,394.835081967213
509,2020-11-12_16h03.50.353,5,CONTROL FEEDBACK,68:2020-11-12_16h03.50.353,1,1.0,1,392.3150862068965
510,2020-11-12_16h03.50.353,5,CONTROL FEEDBACK,68:2020-11-12_16h03.50.353,1,2.0,1,382.22787234042545
511,2020-11-12_16h03.50.353,5,CONTROL FEEDBACK,68:2020-11-12_16h03.50.353,1,3.0,1,385.2684883720931
512,2020-11-12_17h13.49.085,5,CONTROL FEEDBACK,69:2020-11-12_17h13.49.085,0,0.0,1,579.5333333333333
513,2020-11-12_17h13.49.085,5,CONTROL FEEDBACK,69:2020-11-12_17h13.49.085,0,1.0,1,597.9285714285714
514,2020-11-12_17h13.49.085,5,CONTROL FEEDBACK,69:2020-11-12_17h13.49.085,0,2.0,1,578.2162162162163
515,2020-11-12_17h13.49.085,5,CONTROL FEEDBACK,69:2020-11-12_17h13.49.085,0,3.0,1,589.390243902439
516,2020-11-12_17h13.49.085,5,CONTROL FEEDBACK,69:2020-11-12_17h13.49.085,1,0.0,1,578.015873015873
517,2020-11-12_17h13.49.085,5,CONTROL FEEDBACK,69:2020-11-12_17h13.49.085,1,1.0,1,553.8524590163935
518,2020-11-12_17h13.49.085,5,CONTROL FEEDBACK,69:2020-11-12_17h13.49.085,1,2.0,1,568.8
519,2020-11-12_17h13.49.085,5,CONTROL FEEDBACK,69:2020-11-12_17h13.49.085,1,3.0,1,562.25
520,2020-11-15_11h33.36.273,10,CONTROL FEEDBACK,70:2020-11-15_11h33.36.273,0,0.0,1,497.7910483870967
521,2020-11-15_11h33.36.273,10,CONTROL FEEDBACK,70:2020-11-15_11h33.36.273,0,1.0,1,525.8265217391304
522,2020-11-15_11h33.36.273,10,CONTROL FEEDBACK,70:2020-11-15_11h33.36.273,0,2.0,1,514.6313207547172
523,2020-11-15_11h33.36.273,10,CONTROL FEEDBACK,70:2020-11-15_11h33.36.273,0,3.0,1,525.2263333333333
524,2020-11-15_11h33.36.273,10,CONTROL FEEDBACK,70:2020-11-15_11h33.36.273,1,0.0,1,500.483125
525,2020-11-15_11h33.36.273,10,CONTROL FEEDBACK,70:2020-11-15_11h33.36.273,1,1.0,1,514.7916176470588
526,2020-11-15_11h33.36.273,10,CONTROL FEEDBACK,70:2020-11-15_11h33.36.273,1,2.0,1,483.53447761194025
527,2020-11-15_11h33.36.273,10,CONTROL FEEDBACK,70:2020-11-15_11h33.36.273,1,3.0,1,464.30394736842095
528,2020-11-15_13h33.12.118,5,CONTROL FEEDBACK,71:2020-11-15_13h33.12.118,0,0.0,1,465.0092399999999
529,2020-11-15_13h33.12.118,5,CONTROL FEEDBACK,71:2020-11-15_13h33.12.118,0,1.0,1,470.5113414634148
530,2020-11-15_13h33.12.118,5,CONTROL FEEDBACK,71:2020-11-15_13h33.12.118,0,2.0,1,467.6461267605633
531,2020-11-15_13h33.12.118,5,CONTROL FEEDBACK,71:2020-11-15_13h33.12.118,0,3.0,1,460.94410256410254
532,2020-11-15_13h33.12.118,5,CONTROL FEEDBACK,71:2020-11-15_13h33.12.118,1,0.0,1,450.9596825396825
533,2020-11-15_13h33.12.118,5,CONTROL FEEDBACK,71:2020-11-15_13h33.12.118,1,1.0,1,443.30025862068976
534,2020-11-15_13h33.12.118,5,CONTROL FEEDBACK,71:2020-11-15_13h33.12.118,1,2.0,1,461.0197115384614
535,2020-11-15_13h33.12.118,5,CONTROL FEEDBACK,71:2020-11-15_13h33.12.118,1,3.0,1,449.75127906976735
536,2020-11-16_12h30.41.674,10,CONTROL FEEDBACK,72:2020-11-16_12h30.41.674,0,0.0,1,571.5701871657755
537,2020-11-16_12h30.41.674,10,CONTROL FEEDBACK,72:2020-11-16_12h30.41.674,0,1.0,1,603.4851136363636
538,2020-11-16_12h30.41.674,10,CONTROL FEEDBACK,72:2020-11-16_12h30.41.674,0,2.0,1,542.7874390243903
539,2020-11-16_12h30.41.674,10,CONTROL FEEDBACK,72:2020-11-16_12h30.41.674,0,3.0,1,559.3444871794873
540,2020-11-16_12h30.41.674,10,CONTROL FEEDBACK,72:2020-11-16_12h30.41.674,1,0.0,1,554.410625
541,2020-11-16_12h30.41.674,10,CONTROL FEEDBACK,72:2020-11-16_12h30.41.674,1,1.0,1,565.7790000000001
542,2020-11-16_12h30.41.674,10,CONTROL FEEDBACK,72:2020-11-16_12h30.41.674,1,2.0,1,552.2388815789471
543,2020-11-16_12h30.41.674,10,CONTROL FEEDBACK,72:2020-11-16_12h30.41.674,1,3.0,1,538.4289189189188
544,2020-11-16_13h03.47.057,10,CONTROL FEEDBACK,72:2020-11-16_13h03.47.057,0,0.0,1,465.5502556818183
545,2020-11-16_13h03.47.057,10,CONTROL FEEDBACK,72:2020-11-16_13h03.47.057,0,1.0,1,472.1978431372549
546,2020-11-16_13h03.47.057,10,CONTROL FEEDBACK,72:2020-11-16_13h03.47.057,0,2.0,1,466.9931632653063
547,2020-11-16_13h03.47.057,10,CONTROL FEEDBACK,72:2020-11-16_13h03.47.057,0,3.0,1,463.85931818181814
548,2020-11-16_13h03.47.057,10,CONTROL FEEDBACK,72:2020-11-16_13h03.47.057,1,0.0,1,452.4834999999999
549,2020-11-16_13h03.47.057,10,CONTROL FEEDBACK,72:2020-11-16_13h03.47.057,1,1.0,1,454.58090909090913
550,2020-11-16_13h03.47.057,10,CONTROL FEEDBACK,72:2020-11-16_13h03.47.057,1,2.0,1,478.8275925925926
551,2020-11-16_13h03.47.057,10,CONTROL FEEDBACK,72:2020-11-16_13h03.47.057,1,3.0,1,437.30750000000006
552,2020-11-16_13h27.22.248,10,CONTROL FEEDBACK,73:2020-11-16_13h27.22.248,0,0.0,1,476.84040372670796
553,2020-11-16_13h27.22.248,10,CONTROL FEEDBACK,73:2020-11-16_13h27.22.248,0,1.0,1,503.3996153846153
554,2020-11-16_13h27.22.248,10,CONTROL FEEDBACK,73:2020-11-16_13h27.22.248,0,2.0,1,491.43687500000016
555,2020-11-16_13h27.22.248,10,CONTROL FEEDBACK,73:2020-11-16_13h27.22.248,0,3.0,1,497.733103448276
556,2020-11-16_13h27.22.248,10,CONTROL FEEDBACK,73:2020-11-16_13h27.22.248,1,0.0,1,466.0733928571427
557,2020-11-16_13h27.22.248,10,CONTROL FEEDBACK,73:2020-11-16_13h27.22.248,1,1.0,1,468.5867741935484
558,2020-11-16_13h27.22.248,10,CONTROL FEEDBACK,73:2020-11-16_13h27.22.248,1,2.0,1,481.30053571428545
559,2020-11-16_13h27.22.248,10,CONTROL FEEDBACK,73:2020-11-16_13h27.22.248,1,3.0,1,486.0417213114755
560,2020-11-16_14h37.45.439,10,CONTROL FEEDBACK,74:2020-11-16_14h37.45.439,0,0.0,1,597.9650260416669
561,2020-11-16_14h37.45.439,10,CONTROL FEEDBACK,74:2020-11-16_14h37.45.439,0,1.0,1,619.4187999999999
562,2020-11-16_14h37.45.439,10,CONTROL FEEDBACK,74:2020-11-16_14h37.45.439,0,2.0,1,609.7188461538462
563,2020-11-16_14h37.45.439,10,CONTROL FEEDBACK,74:2020-11-16_14h37.45.439,0,3.0,1,610.8723611111112
564,2020-11-16_14h37.45.439,10,CONTROL FEEDBACK,74:2020-11-16_14h37.45.439,1,0.0,1,626.2302941176472
565,2020-11-16_14h37.45.439,10,CONTROL FEEDBACK,74:2020-11-16_14h37.45.439,1,1.0,1,612.636
566,2020-11-16_14h37.45.439,10,CONTROL FEEDBACK,74:2020-11-16_14h37.45.439,1,2.0,1,576.464927536232
567,2020-11-16_14h37.45.439,10,CONTROL FEEDBACK,74:2020-11-16_14h37.45.439,1,3.0,1,571.929938271605
568,2020-11-16_16h14.12.474,10,CONTROL FEEDBACK,76:2020-11-16_16h14.12.474,0,0.0,1,625.3517391304349
569,2020-11-16_16h14.12.474,10,CONTROL FEEDBACK,76:2020-11-16_16h14.12.474,0,1.0,1,637.186888888889
570,2020-11-16_16h14.12.474,10,CONTROL FEEDBACK,76:2020-11-16_16h14.12.474,0,2.0,1,639.5295555555555
571,2020-11-16_16h14.12.474,10,CONTROL FEEDBACK,76:2020-11-16_16h14.12.474,0,3.0,1,638.1967741935484
572,2020-11-16_16h14.12.474,10,CONTROL FEEDBACK,76:2020-11-16_16h14.12.474,1,0.0,1,677.3218333333334
573,2020-11-16_16h14.12.474,10,CONTROL FEEDBACK,76:2020-11-16_16h14.12.474,1,1.0,1,628.5391891891893
574,2020-11-16_16h14.12.474,10,CONTROL FEEDBACK,76:2020-11-16_16h14.12.474,1,2.0,1,593.7438135593219
575,2020-11-16_16h14.12.474,10,CONTROL FEEDBACK,76:2020-11-16_16h14.12.474,1,3.0,1,602.8414444444445
576,2020-11-17_10h36.22.091,5,CONTROL FEEDBACK,77:2020-11-17_10h36.22.091,0,0.0,1,408.7817410714286
577,2020-11-17_10h36.22.091,5,CONTROL FEEDBACK,77:2020-11-17_10h36.22.091,0,1.0,1,448.2459042553189
578,2020-11-17_10h36.22.091,5,CONTROL FEEDBACK,77:2020-11-17_10h36.22.091,0,2.0,1,450.8564189189189
579,2020-11-17_10h36.22.091,5,CONTROL FEEDBACK,77:2020-11-17_10h36.22.091,0,3.0,1,455.3937499999999
580,2020-11-17_10h36.22.091,5,CONTROL FEEDBACK,77:2020-11-17_10h36.22.091,1,0.0,1,414.78518181818185
581,2020-11-17_10h36.22.091,5,CONTROL FEEDBACK,77:2020-11-17_10h36.22.091,1,1.0,1,411.70714285714297
582,2020-11-17_10h36.22.091,5,CONTROL FEEDBACK,77:2020-11-17_10h36.22.091,1,2.0,1,420.63218750000004
583,2020-11-17_10h36.22.091,5,CONTROL FEEDBACK,77:2020-11-17_10h36.22.091,1,3.0,1,392.5184722222223
584,2020-11-17_11h32.48.289,5,CONTROL FEEDBACK,78:2020-11-17_11h32.48.289,0,0.0,1,501.2836403508769
585,2020-11-17_11h32.48.289,5,CONTROL FEEDBACK,78:2020-11-17_11h32.48.289,0,1.0,1,497.8263333333334
586,2020-11-17_11h32.48.289,5,CONTROL FEEDBACK,78:2020-11-17_11h32.48.289,0,2.0,1,480.5530136986302
587,2020-11-17_11h32.48.289,5,CONTROL FEEDBACK,78:2020-11-17_11h32.48.289,0,3.0,1,463.56869047619034
588,2020-11-17_11h32.48.289,5,CONTROL FEEDBACK,78:2020-11-17_11h32.48.289,1,0.0,1,458.5803174603175
589,2020-11-17_11h32.48.289,5,CONTROL FEEDBACK,78:2020-11-17_11h32.48.289,1,1.0,1,470.70458333333335
590,2020-11-17_11h32.48.289,5,CONTROL FEEDBACK,78:2020-11-17_11h32.48.289,1,2.0,1,482.47555555555556
591,2020-11-17_11h32.48.289,5,CONTROL FEEDBACK,78:2020-11-17_11h32.48.289,1,3.0,1,453.1105681818182
592,2020-11-17_12h38.12.352,5,CONTROL FEEDBACK,79:2020-11-17_12h38.12.352,0,0.0,1,556.0846818181819
593,2020-11-17_12h38.12.352,5,CONTROL FEEDBACK,79:2020-11-17_12h38.12.352,0,1.0,1,569.9070348837209
594,2020-11-17_12h38.12.352,5,CONTROL FEEDBACK,79:2020-11-17_12h38.12.352,0,2.0,1,559.7142666666665
595,2020-11-17_12h38.12.352,5,CONTROL FEEDBACK,79:2020-11-17_12h38.12.352,0,3.0,1,563.1188235294118
596,2020-11-17_12h38.12.352,5,CONTROL FEEDBACK,79:2020-11-17_12h38.12.352,1,0.0,1,545.6462096774194
597,2020-11-17_12h38.12.352,5,CONTROL FEEDBACK,79:2020-11-17_12h38.12.352,1,1.0,1,545.7202631578947
598,2020-11-17_12h38.12.352,5,CONTROL FEEDBACK,79:2020-11-17_12h38.12.352,1,2.0,1,527.6269791666668
599,2020-11-17_12h38.12.352,5,CONTROL FEEDBACK,79:2020-11-17_12h38.12.352,1,3.0,1,533.2993181818182
600,2020-11-17_14h31.33.818,5,CONTROL FEEDBACK,80:2020-11-17_14h31.33.818,0,0.0,1,486.41565789473685
601,2020-11-17_14h31.33.818,5,CONTROL FEEDBACK,80:2020-11-17_14h31.33.818,0,1.0,1,461.2163124999999
602,2020-11-17_14h31.33.818,5,CONTROL FEEDBACK,80:2020-11-17_14h31.33.818,0,2.0,1,467.6047826086956
603,2020-11-17_14h31.33.818,5,CONTROL FEEDBACK,80:2020-11-17_14h31.33.818,0,3.0,1,470.4000000000001
604,2020-11-17_14h31.33.818,5,CONTROL FEEDBACK,80:2020-11-17_14h31.33.818,1,0.0,1,455.87789473684205
605,2020-11-17_14h31.33.818,5,CONTROL FEEDBACK,80:2020-11-17_14h31.33.818,1,1.0,1,453.05769230769215
606,2020-11-17_14h31.33.818,5,CONTROL FEEDBACK,80:2020-11-17_14h31.33.818,1,2.0,1,448.5415625
607,2020-11-17_14h31.33.818,5,CONTROL FEEDBACK,80:2020-11-17_14h31.33.818,1,3.0,1,415.0135
608,2020-11-17_15h33.36.325,10,CONTROL FEEDBACK,81:2020-11-17_15h33.36.325,0,0.0,1,617.6468393782382
609,2020-11-17_15h33.36.325,10,CONTROL FEEDBACK,81:2020-11-17_15h33.36.325,0,1.0,1,603.8896341463416
610,2020-11-17_15h33.36.325,10,CONTROL FEEDBACK,81:2020-11-17_15h33.36.325,0,2.0,1,613.0856382978723
611,2020-11-17_15h33.36.325,10,CONTROL FEEDBACK,81:2020-11-17_15h33.36.325,0,3.0,1,674.6443055555554
612,2020-11-17_15h33.36.325,10,CONTROL FEEDBACK,81:2020-11-17_15h33.36.325,1,0.0,1,614.1392187499999
613,2020-11-17_15h33.36.325,10,CONTROL FEEDBACK,81:2020-11-17_15h33.36.325,1,1.0,1,583.7863235294116
614,2020-11-17_15h33.36.325,10,CONTROL FEEDBACK,81:2020-11-17_15h33.36.325,1,2.0,1,608.2972794117646
615,2020-11-17_15h33.36.325,10,CONTROL FEEDBACK,81:2020-11-17_15h33.36.325,1,3.0,1,590.2185443037973
616,2020-11-18_16h33.02.592,5,CONTROL FEEDBACK,83:2020-11-18_16h33.02.592,0,0.0,1,532.7053571428571
617,2020-11-18_16h33.02.592,5,CONTROL FEEDBACK,83:2020-11-18_16h33.02.592,0,1.0,1,547.6857142857143
618,2020-11-18_16h33.02.592,5,CONTROL FEEDBACK,83:2020-11-18_16h33.02.592,0,2.0,1,522.4333333333333
619,2020-11-18_16h33.02.592,5,CONTROL FEEDBACK,83:2020-11-18_16h33.02.592,0,3.0,1,556.2432432432432
620,2020-11-18_16h33.02.592,5,CONTROL FEEDBACK,83:2020-11-18_16h33.02.592,1,0.0,1,539.3725490196078
621,2020-11-18_16h33.02.592,5,CONTROL FEEDBACK,83:2020-11-18_16h33.02.592,1,1.0,1,490.3125
622,2020-11-18_16h33.02.592,5,CONTROL FEEDBACK,83:2020-11-18_16h33.02.592,1,2.0,1,481.8809523809524
623,2020-11-18_16h33.02.592,5,CONTROL FEEDBACK,83:2020-11-18_16h33.02.592,1,3.0,1,525.3103448275862
624,2020-11-18_17h33.10.919,5,CONTROL FEEDBACK,84:2020-11-18_17h33.10.919,0,0.0,1,458.5213559152542
625,2020-11-18_17h33.10.919,5,CONTROL FEEDBACK,84:2020-11-18_17h33.10.919,0,1.0,1,478.97634015463916
626,2020-11-18_17h33.10.919,5,CONTROL FEEDBACK,84:2020-11-18_17h33.10.919,0,2.0,1,463.27530303030323
627,2020-11-18_17h33.10.919,5,CONTROL FEEDBACK,84:2020-11-18_17h33.10.919,0,3.0,1,453.8540000333333
628,2020-11-18_17h33.10.919,5,CONTROL FEEDBACK,84:2020-11-18_17h33.10.919,1,0.0,1,455.4215739629629
629,2020-11-18_17h33.10.919,5,CONTROL FEEDBACK,84:2020-11-18_17h33.10.919,1,1.0,1,445.70173096153843
630,2020-11-18_17h33.10.919,5,CONTROL FEEDBACK,84:2020-11-18_17h33.10.919,1,2.0,1,421.7163334666666
631,2020-11-18_17h33.10.919,5,CONTROL FEEDBACK,84:2020-11-18_17h33.10.919,1,3.0,1,415.31283343333337
632,2020-11-19_14h00.06.558,10,CONTROL FEEDBACK,86:2020-11-19_14h00.06.558,0,0.0,1,500.6074739583333
633,2020-11-19_14h00.06.558,10,CONTROL FEEDBACK,86:2020-11-19_14h00.06.558,0,1.0,1,508.5624468085106
634,2020-11-19_14h00.06.558,10,CONTROL FEEDBACK,86:2020-11-19_14h00.06.558,0,2.0,1,495.80733333333336
635,2020-11-19_14h00.06.558,10,CONTROL FEEDBACK,86:2020-11-19_14h00.06.558,0,3.0,1,549.1166666666666
636,2020-11-19_14h00.06.558,10,CONTROL FEEDBACK,86:2020-11-19_14h00.06.558,1,0.0,1,506.36573529411777
637,2020-11-19_14h00.06.558,10,CONTROL FEEDBACK,86:2020-11-19_14h00.06.558,1,1.0,1,509.31851351351344
638,2020-11-19_14h00.06.558,10,CONTROL FEEDBACK,86:2020-11-19_14h00.06.558,1,2.0,1,493.5023846153847
639,2020-11-19_14h00.06.558,10,CONTROL FEEDBACK,86:2020-11-19_14h00.06.558,1,3.0,1,487.82272151898746
640,2020-11-19_14h58.49.829,10,CONTROL FEEDBACK,87:2020-11-19_14h58.49.829,0,0.0,1,402.9640609137056
641,2020-11-19_14h58.49.829,10,CONTROL FEEDBACK,87:2020-11-19_14h58.49.829,0,1.0,1,426.0078888888889
642,2020-11-19_14h58.49.829,10,CONTROL FEEDBACK,87:2020-11-19_14h58.49.829,0,2.0,1,430.58905660377354
643,2020-11-19_14h58.49.829,10,CONTROL FEEDBACK,87:2020-11-19_14h58.49.829,0,3.0,1,425.29551724137934
644,2020-11-19_14h58.49.829,10,CONTROL FEEDBACK,87:2020-11-19_14h58.49.829,1,0.0,1,387.02046875
645,2020-11-19_14h58.49.829,10,CONTROL FEEDBACK,87:2020-11-19_14h58.49.829,1,1.0,1,386.4408750000001
646,2020-11-19_14h58.49.829,10,CONTROL FEEDBACK,87:2020-11-19_14h58.49.829,1,2.0,1,372.06438461538465
647,2020-11-19_14h58.49.829,10,CONTROL FEEDBACK,87:2020-11-19_14h58.49.829,1,3.0,1,373.7872
648,2020-11-23_11h33.39.510,5,CONTROL FEEDBACK,88:2020-11-23_11h33.39.510,0,0.0,1,426.5860975609757
649,2020-11-23_11h33.39.510,5,CONTROL FEEDBACK,88:2020-11-23_11h33.39.510,0,1.0,1,434.00874999999974
650,2020-11-23_11h33.39.510,5,CONTROL FEEDBACK,88:2020-11-23_11h33.39.510,0,2.0,1,412.37580882352944
651,2020-11-23_11h33.39.510,5,CONTROL FEEDBACK,88:2020-11-23_11h33.39.510,0,3.0,1,433.5983823529412
652,2020-11-23_11h33.39.510,5,CONTROL FEEDBACK,88:2020-11-23_11h33.39.510,1,0.0,1,413.4232456140351
653,2020-11-23_11h33.39.510,5,CONTROL FEEDBACK,88:2020-11-23_11h33.39.510,1,1.0,1,420.3454716981134
654,2020-11-23_11h33.39.510,5,CONTROL FEEDBACK,88:2020-11-23_11h33.39.510,1,2.0,1,407.76000000000005
655,2020-11-23_11h33.39.510,5,CONTROL FEEDBACK,88:2020-11-23_11h33.39.510,1,3.0,1,382.46970588235297
656,2020-11-24_12h37.50.172,5,CONTROL FEEDBACK,89:2020-11-24_12h37.50.172,0,0.0,1,459.49496183206134
657,2020-11-24_12h37.50.172,5,CONTROL FEEDBACK,89:2020-11-24_12h37.50.172,0,1.0,1,460.602684210526
658,2020-11-24_12h37.50.172,5,CONTROL FEEDBACK,89:2020-11-24_12h37.50.172,0,2.0,1,458.3194927536231
659,2020-11-24_12h37.50.172,5,CONTROL FEEDBACK,89:2020-11-24_12h37.50.172,0,3.0,1,450.1212499999999
660,2020-11-24_12h37.50.172,5,CONTROL FEEDBACK,89:2020-11-24_12h37.50.172,1,0.0,1,445.49258620689653
661,2020-11-24_12h37.50.172,5,CONTROL FEEDBACK,89:2020-11-24_12h37.50.172,1,1.0,1,454.3137962962963
662,2020-11-24_12h37.50.172,5,CONTROL FEEDBACK,89:2020-11-24_12h37.50.172,1,2.0,1,464.151195652174
663,2020-11-24_12h37.50.172,5,CONTROL FEEDBACK,89:2020-11-24_12h37.50.172,1,3.0,1,437.47
664,2020-11-25_12h01.37.411,5,CONTROL FEEDBACK,90:2020-11-25_12h01.37.411,0,0.0,1,448.5135714285714
665,2020-11-25_12h01.37.411,5,CONTROL FEEDBACK,90:2020-11-25_12h01.37.411,0,1.0,1,445.0725555555553
666,2020-11-25_12h01.37.411,5,CONTROL FEEDBACK,90:2020-11-25_12h01.37.411,0,2.0,1,430.03875000000005
667,2020-11-25_12h01.37.411,5,CONTROL FEEDBACK,90:2020-11-25_12h01.37.411,0,3.0,1,429.93703125
668,2020-11-25_12h01.37.411,5,CONTROL FEEDBACK,90:2020-11-25_12h01.37.411,1,0.0,1,436.4050819672131
669,2020-11-25_12h01.37.411,5,CONTROL FEEDBACK,90:2020-11-25_12h01.37.411,1,1.0,1,432.7334905660377
670,2020-11-25_12h01.37.411,5,CONTROL FEEDBACK,90:2020-11-25_12h01.37.411,1,2.0,1,408.98551020408166
671,2020-11-25_12h01.37.411,5,CONTROL FEEDBACK,90:2020-11-25_12h01.37.411,1,3.0,1,396.49059523809524
672,2020-11-25_13h02.59.452,10,CONTROL FEEDBACK,91:2020-11-25_13h02.59.452,0,0.0,1,450.06918848167544
673,2020-11-25_13h02.59.452,10,CONTROL FEEDBACK,91:2020-11-25_13h02.59.452,0,1.0,1,468.5276470588235
674,2020-11-25_13h02.59.452,10,CONTROL FEEDBACK,91:2020-11-25_13h02.59.452,0,2.0,1,480.2229545454547
675,2020-11-25_13h02.59.452,10,CONTROL FEEDBACK,91:2020-11-25_13h02.59.452,0,3.0,1,482.0349999999999
676,2020-11-25_13h02.59.452,10,CONTROL FEEDBACK,91:2020-11-25_13h02.59.452,1,0.0,1,442.3795588235294
677,2020-11-25_13h02.59.452,10,CONTROL FEEDBACK,91:2020-11-25_13h02.59.452,1,1.0,1,453.4204878048779
678,2020-11-25_13h02.59.452,10,CONTROL FEEDBACK,91:2020-11-25_13h02.59.452,1,2.0,1,450.7266949152543
679,2020-11-25_13h02.59.452,10,CONTROL FEEDBACK,91:2020-11-25_13h02.59.452,1,3.0,1,433.0613432835822
680,2020-11-26_12h07.33.310,5,CONTROL FEEDBACK,92:2020-11-26_12h07.33.310,0,0.0,1,477.14560483870963
681,2020-11-26_12h07.33.310,5,CONTROL FEEDBACK,92:2020-11-26_12h07.33.310,0,1.0,1,481.6835975609757
682,2020-11-26_12h07.33.310,5,CONTROL FEEDBACK,92:2020-11-26_12h07.33.310,0,2.0,1,483.11787671232884
683,2020-11-26_12h07.33.310,5,CONTROL FEEDBACK,92:2020-11-26_12h07.33.310,0,3.0,1,481.92546874999994
684,2020-11-26_12h07.33.310,5,CONTROL FEEDBACK,92:2020-11-26_12h07.33.310,1,0.0,1,457.20921052631564
685,2020-11-26_12h07.33.310,5,CONTROL FEEDBACK,92:2020-11-26_12h07.33.310,1,1.0,1,477.71881818181816
686,2020-11-26_12h07.33.310,5,CONTROL FEEDBACK,92:2020-11-26_12h07.33.310,1,2.0,1,453.9980999999999
687,2020-11-26_12h07.33.310,5,CONTROL FEEDBACK,92:2020-11-26_12h07.33.310,1,3.0,1,461.70455882352957
688,2020-11-26_14h03.24.217,10,CONTROL FEEDBACK,93:2020-11-26_14h03.24.217,0,0.0,1,487.97902298850545
689,2020-11-26_14h03.24.217,10,CONTROL FEEDBACK,93:2020-11-26_14h03.24.217,0,1.0,1,477.19059999999985
690,2020-11-26_14h03.24.217,10,CONTROL FEEDBACK,93:2020-11-26_14h03.24.217,0,2.0,1,503.51380434782595
691,2020-11-26_14h03.24.217,10,CONTROL FEEDBACK,93:2020-11-26_14h03.24.217,0,3.0,1,468.7862
692,2020-11-26_14h03.24.217,10,CONTROL FEEDBACK,93:2020-11-26_14h03.24.217,1,0.0,1,504.74419354838705
693,2020-11-26_14h03.24.217,10,CONTROL FEEDBACK,93:2020-11-26_14h03.24.217,1,1.0,1,474.93119047619047
694,2020-11-26_14h03.24.217,10,CONTROL FEEDBACK,93:2020-11-26_14h03.24.217,1,2.0,1,473.55100000000004
695,2020-11-26_14h03.24.217,10,CONTROL FEEDBACK,93:2020-11-26_14h03.24.217,1,3.0,1,456.58903225806455
696,2020-11-26_14h16.03.823,10,CONTROL FEEDBACK,94:2020-11-26_14h16.03.823,0,0.0,1,433.4362566844919
697,2020-11-26_14h16.03.823,10,CONTROL FEEDBACK,94:2020-11-26_14h16.03.823,0,1.0,1,440.91162790697695
698,2020-11-26_14h16.03.823,10,CONTROL FEEDBACK,94:2020-11-26_14h16.03.823,0,2.0,1,435.03047619047624
699,2020-11-26_14h16.03.823,10,CONTROL FEEDBACK,94:2020-11-26_14h16.03.823,0,3.0,1,468.6801388888889
700,2020-11-26_14h16.03.823,10,CONTROL FEEDBACK,94:2020-11-26_14h16.03.823,1,0.0,1,459.01000000000005
701,2020-11-26_14h16.03.823,10,CONTROL FEEDBACK,94:2020-11-26_14h16.03.823,1,1.0,1,447.7065789473683
702,2020-11-26_14h16.03.823,10,CONTROL FEEDBACK,94:2020-11-26_14h16.03.823,1,2.0,1,442.8537500000001
703,2020-11-26_14h16.03.823,10,CONTROL FEEDBACK,94:2020-11-26_14h16.03.823,1,3.0,1,415.9433636363637
704,2020-11-26_15h06.46.343,5,CONTROL FEEDBACK,95:2020-11-26_15h06.46.343,0,0.0,1,617.7658333333334
705,2020-11-26_15h06.46.343,5,CONTROL FEEDBACK,95:2020-11-26_15h06.46.343,0,1.0,1,628.809746835443
706,2020-11-26_15h06.46.343,5,CONTROL FEEDBACK,95:2020-11-26_15h06.46.343,0,2.0,1,634.5159146341464
707,2020-11-26_15h06.46.343,5,CONTROL FEEDBACK,95:2020-11-26_15h06.46.343,0,3.0,1,646.2943421052632
708,2020-11-26_15h06.46.343,5,CONTROL FEEDBACK,95:2020-11-26_15h06.46.343,1,0.0,1,597.0097499999999
709,2020-11-26_15h06.46.343,5,CONTROL FEEDBACK,95:2020-11-26_15h06.46.343,1,1.0,1,623.247192982456
710,2020-11-26_15h06.46.343,5,CONTROL FEEDBACK,95:2020-11-26_15h06.46.343,1,2.0,1,573.4745614035089
711,2020-11-26_15h06.46.343,5,CONTROL FEEDBACK,95:2020-11-26_15h06.46.343,1,3.0,1,581.484268292683
712,2020-11-29_10h04.44.918,5,CONTROL FEEDBACK,96:2020-11-29_10h04.44.918,0,0.0,1,422.4744776119402
713,2020-11-29_10h04.44.918,5,CONTROL FEEDBACK,96:2020-11-29_10h04.44.918,0,1.0,1,424.0854639175258
714,2020-11-29_10h04.44.918,5,CONTROL FEEDBACK,96:2020-11-29_10h04.44.918,0,2.0,1,419.6507042253522
715,2020-11-29_10h04.44.918,5,CONTROL FEEDBACK,96:2020-11-29_10h04.44.918,0,3.0,1,409.0001785714286
716,2020-11-29_10h04.44.918,5,CONTROL FEEDBACK,96:2020-11-29_10h04.44.918,1,0.0,1,407.63131578947355
717,2020-11-29_10h04.44.918,5,CONTROL FEEDBACK,96:2020-11-29_10h04.44.918,1,1.0,1,412.76869999999997
718,2020-11-29_10h04.44.918,5,CONTROL FEEDBACK,96:2020-11-29_10h04.44.918,1,2.0,1,411.2255319148937
719,2020-11-29_10h04.44.918,5,CONTROL FEEDBACK,96:2020-11-29_10h04.44.918,1,3.0,1,392.3419047619048
720,2020-11-29_14h43.37.483,5,CONTROL FEEDBACK,97:2020-11-29_14h43.37.483,0,0.0,1,434.1791549295775
721,2020-11-29_14h43.37.483,5,CONTROL FEEDBACK,97:2020-11-29_14h43.37.483,0,1.0,1,428.36556122448974
722,2020-11-29_14h43.37.483,5,CONTROL FEEDBACK,97:2020-11-29_14h43.37.483,0,2.0,1,444.86577464788735
723,2020-11-29_14h43.37.483,5,CONTROL FEEDBACK,97:2020-11-29_14h43.37.483,0,3.0,1,435.7385294117646
724,2020-11-29_14h43.37.483,5,CONTROL FEEDBACK,97:2020-11-29_14h43.37.483,1,0.0,1,432.2286290322582
725,2020-11-29_14h43.37.483,5,CONTROL FEEDBACK,97:2020-11-29_14h43.37.483,1,1.0,1,437.41726415094354
726,2020-11-29_14h43.37.483,5,CONTROL FEEDBACK,97:2020-11-29_14h43.37.483,1,2.0,1,410.8785
727,2020-11-29_14h43.37.483,5,CONTROL FEEDBACK,97:2020-11-29_14h43.37.483,1,3.0,1,404.8579166666667
728,2020-12-01_12h03.26.159,10,CONTROL FEEDBACK,98:2020-12-01_12h03.26.159,0,0.0,1,584.5287569060778
729,2020-12-01_12h03.26.159,10,CONTROL FEEDBACK,98:2020-12-01_12h03.26.159,0,1.0,1,559.4782653061226
730,2020-12-01_12h03.26.159,10,CONTROL FEEDBACK,98:2020-12-01_12h03.26.159,0,2.0,1,593.4529545454545
731,2020-12-01_12h03.26.159,10,CONTROL FEEDBACK,98:2020-12-01_12h03.26.159,0,3.0,1,639.4622058823528
732,2020-12-01_12h03.26.159,10,CONTROL FEEDBACK,98:2020-12-01_12h03.26.159,1,0.0,1,584.2072727272729
733,2020-12-01_12h03.26.159,10,CONTROL FEEDBACK,98:2020-12-01_12h03.26.159,1,1.0,1,591.4454545454546
734,2020-12-01_12h03.26.159,10,CONTROL FEEDBACK,98:2020-12-01_12h03.26.159,1,2.0,1,564.5185507246377
735,2020-12-01_12h03.26.159,10,CONTROL FEEDBACK,98:2020-12-01_12h03.26.159,1,3.0,1,603.5740217391304
736,2020-12-01_14h00.52.042,10,CONTROL FEEDBACK,99:2020-12-01_14h00.52.042,0,0.0,1,583.075183246073
737,2020-12-01_14h00.52.042,10,CONTROL FEEDBACK,99:2020-12-01_14h00.52.042,0,1.0,1,606.4984374999998
738,2020-12-01_14h00.52.042,10,CONTROL FEEDBACK,99:2020-12-01_14h00.52.042,0,2.0,1,601.5336666666666
739,2020-12-01_14h00.52.042,10,CONTROL FEEDBACK,99:2020-12-01_14h00.52.042,0,3.0,1,588.9892307692307
740,2020-12-01_14h00.52.042,10,CONTROL FEEDBACK,99:2020-12-01_14h00.52.042,1,0.0,1,574.0855555555555
741,2020-12-01_14h00.52.042,10,CONTROL FEEDBACK,99:2020-12-01_14h00.52.042,1,1.0,1,573.3796249999998
742,2020-12-01_14h00.52.042,10,CONTROL FEEDBACK,99:2020-12-01_14h00.52.042,1,2.0,1,559.36
743,2020-12-01_14h00.52.042,10,CONTROL FEEDBACK,99:2020-12-01_14h00.52.042,1,3.0,1,517.4045614035089
744,2020-12-02_14h17.23.885,5,CONTROL FEEDBACK,100:2020-12-02_14h17.23.885,0,0.0,1,514.9283189655173
745,2020-12-02_14h17.23.885,5,CONTROL FEEDBACK,100:2020-12-02_14h17.23.885,0,1.0,1,521.606726190476
746,2020-12-02_14h17.23.885,5,CONTROL FEEDBACK,100:2020-12-02_14h17.23.885,0,2.0,1,525.0480833333331
747,2020-12-02_14h17.23.885,5,CONTROL FEEDBACK,100:2020-12-02_14h17.23.885,0,3.0,1,545.4917567567569
748,2020-12-02_14h17.23.885,5,CONTROL FEEDBACK,100:2020-12-02_14h17.23.885,1,0.0,1,500.10016129032266
749,2020-12-02_14h17.23.885,5,CONTROL FEEDBACK,100:2020-12-02_14h17.23.885,1,1.0,1,501.4415178571426
750,2020-12-02_14h17.23.885,5,CONTROL FEEDBACK,100:2020-12-02_14h17.23.885,1,2.0,1,524.2241346153845
751,2020-12-02_14h17.23.885,5,CONTROL FEEDBACK,100:2020-12-02_14h17.23.885,1,3.0,1,491.0727777777778
752,2020-12-03_13h59.20.226,5,CONTROL FEEDBACK,102:2020-12-03_13h59.20.226,0,0.0,1,533.7765983606557
753,2020-12-03_13h59.20.226,5,CONTROL FEEDBACK,102:2020-12-03_13h59.20.226,0,1.0,1,549.1984302325582
754,2020-12-03_13h59.20.226,5,CONTROL FEEDBACK,102:2020-12-03_13h59.20.226,0,2.0,1,532.7764615384615
755,2020-12-03_13h59.20.226,5,CONTROL FEEDBACK,102:2020-12-03_13h59.20.226,0,3.0,1,540.295294117647
756,2020-12-03_13h59.20.226,5,CONTROL FEEDBACK,102:2020-12-03_13h59.20.226,1,0.0,1,537.8611607142856
757,2020-12-03_13h59.20.226,5,CONTROL FEEDBACK,102:2020-12-03_13h59.20.226,1,1.0,1,526.7459649122808
758,2020-12-03_13h59.20.226,5,CONTROL FEEDBACK,102:2020-12-03_13h59.20.226,1,2.0,1,501.10714285714283
759,2020-12-03_13h59.20.226,5,CONTROL FEEDBACK,102:2020-12-03_13h59.20.226,1,3.0,1,521.5605128205127
760,2020-12-10_14h23.12.603,5,CONTROL FEEDBACK,105:2020-12-10_14h23.12.603,0,0.0,1,488.990588235294
761,2020-12-10_14h23.12.603,5,CONTROL FEEDBACK,105:2020-12-10_14h23.12.603,0,1.0,1,499.597906976744
762,2020-12-10_14h23.12.603,5,CONTROL FEEDBACK,105:2020-12-10_14h23.12.603,0,2.0,1,468.0153424657532
763,2020-12-10_14h23.12.603,5,CONTROL FEEDBACK,105:2020-12-10_14h23.12.603,0,3.0,1,462.50209677419343
764,2020-12-10_14h23.12.603,5,CONTROL FEEDBACK,105:2020-12-10_14h23.12.603,1,0.0,1,467.71181034482765
765,2020-12-10_14h23.12.603,5,CONTROL FEEDBACK,105:2020-12-10_14h23.12.603,1,1.0,1,454.25719298245605
766,2020-12-10_14h23.12.603,5,CONTROL FEEDBACK,105:2020-12-10_14h23.12.603,1,2.0,1,458.8565909090908
767,2020-12-10_14h23.12.603,5,CONTROL FEEDBACK,105:2020-12-10_14h23.12.603,1,3.0,1,440.08381578947365
768,2020-12-10_15h05.21.433,5,CONTROL FEEDBACK,106:2020-12-10_15h05.21.433,0,0.0,1,441.23270270270274
769,2020-12-10_15h05.21.433,5,CONTROL FEEDBACK,106:2020-12-10_15h05.21.433,0,1.0,1,430.9295652173914
770,2020-12-10_15h05.21.433,5,CONTROL FEEDBACK,106:2020-12-10_15h05.21.433,0,2.0,1,422.49621212121207
771,2020-12-10_15h05.21.433,5,CONTROL FEEDBACK,106:2020-12-10_15h05.21.433,0,3.0,1,417.99499999999995
772,2020-12-10_15h05.21.433,5,CONTROL FEEDBACK,106:2020-12-10_15h05.21.433,1,0.0,1,412.9918644067795
773,2020-12-10_15h05.21.433,5,CONTROL FEEDBACK,106:2020-12-10_15h05.21.433,1,1.0,1,377.8861764705882
774,2020-12-10_15h05.21.433,5,CONTROL FEEDBACK,106:2020-12-10_15h05.21.433,1,2.0,1,394.54031249999997
775,2020-12-10_15h05.21.433,5,CONTROL FEEDBACK,106:2020-12-10_15h05.21.433,1,3.0,1,398.045138888889
